code_commune,nom_commune,ville_suivie,annee,type_bien,nb_ventes,prix_m2_median
34001,Abeilhan,False,2021,Appartement,1,
34001,Abeilhan,False,2024,Appartement,1,
34001,Abeilhan,False,2025,Appartement,2,
34001,Abeilhan,False,2021,Maison,28,
34001,Abeilhan,False,2022,Maison,34,2501.46
34001,Abeilhan,False,2023,Maison,21,
34001,Abeilhan,False,2024,Maison,13,
34001,Abeilhan,False,2025,Maison,20,
34002,Adissan,False,2021,Appartement,1,
34002,Adissan,False,2022,Appartement,1,
34002,Adissan,False,2021,Maison,22,
34002,Adissan,False,2022,Maison,29,
34002,Adissan,False,2023,Maison,8,
34002,Adissan,False,2024,Maison,11,
34002,Adissan,False,2025,Maison,19,
34003,Agde,False,2021,Appartement,1915,3037.04
34003,Agde,False,2022,Appartement,1993,3404.26
34003,Agde,False,2023,Appartement,1539,3612.9
34003,Agde,False,2024,Appartement,1329,3650
34003,Agde,False,2025,Appartement,1446,3610.56
34003,Agde,False,2021,Maison,540,3440.95
34003,Agde,False,2022,Maison,525,3750.83
34003,Agde,False,2023,Maison,375,4012.31
34003,Agde,False,2024,Maison,347,3809.52
34003,Agde,False,2025,Maison,366,4149.94
34004,Agel,False,2021,Maison,2,
34004,Agel,False,2022,Maison,3,
34004,Agel,False,2023,Maison,4,
34004,Agel,False,2024,Maison,2,
34004,Agel,False,2025,Maison,2,
34005,Agonès,False,2022,Maison,1,
34005,Agonès,False,2024,Maison,5,
34005,Agonès,False,2025,Maison,1,
34006,Aigne,False,2021,Maison,6,
34006,Aigne,False,2022,Maison,5,
34006,Aigne,False,2023,Maison,3,
34006,Aigne,False,2024,Maison,4,
34006,Aigne,False,2025,Maison,2,
34007,Aigues-Vives,False,2021,Maison,6,
34007,Aigues-Vives,False,2022,Maison,7,
34007,Aigues-Vives,False,2023,Maison,6,
34007,Aigues-Vives,False,2024,Maison,8,
34007,Aigues-Vives,False,2025,Maison,8,
34008,Les Aires,False,2021,Maison,13,
34008,Les Aires,False,2022,Maison,2,
34008,Les Aires,False,2023,Maison,6,
34008,Les Aires,False,2024,Maison,5,
34008,Les Aires,False,2025,Maison,5,
34009,Alignan-du-Vent,False,2021,Appartement,2,
34009,Alignan-du-Vent,False,2022,Appartement,3,
34009,Alignan-du-Vent,False,2023,Appartement,2,
34009,Alignan-du-Vent,False,2025,Appartement,1,
34009,Alignan-du-Vent,False,2021,Maison,38,2479.44
34009,Alignan-du-Vent,False,2022,Maison,37,1809.52
34009,Alignan-du-Vent,False,2023,Maison,25,
34009,Alignan-du-Vent,False,2024,Maison,18,
34009,Alignan-du-Vent,False,2025,Maison,20,
34010,Aniane,False,2021,Appartement,4,
34010,Aniane,False,2022,Appartement,3,
34010,Aniane,False,2023,Appartement,3,
34010,Aniane,False,2024,Appartement,3,
34010,Aniane,False,2025,Appartement,5,
34010,Aniane,False,2021,Maison,39,2775
34010,Aniane,False,2022,Maison,31,3246.48
34010,Aniane,False,2023,Maison,23,
34010,Aniane,False,2024,Maison,26,
34010,Aniane,False,2025,Maison,25,
34011,Arboras,False,2021,Maison,2,
34011,Arboras,False,2023,Maison,3,
34011,Arboras,False,2024,Maison,2,
34012,Argelliers,False,2021,Maison,17,
34012,Argelliers,False,2022,Maison,16,
34012,Argelliers,False,2023,Maison,3,
34012,Argelliers,False,2024,Maison,8,
34012,Argelliers,False,2025,Maison,9,
34013,Aspiran,False,2021,Appartement,1,
34013,Aspiran,False,2022,Appartement,1,
34013,Aspiran,False,2023,Appartement,3,
34013,Aspiran,False,2025,Appartement,1,
34013,Aspiran,False,2021,Maison,34,2136.42
34013,Aspiran,False,2022,Maison,27,
34013,Aspiran,False,2023,Maison,23,
34013,Aspiran,False,2024,Maison,18,
34013,Aspiran,False,2025,Maison,20,
34014,Assas,False,2021,Maison,13,
34014,Assas,False,2022,Maison,16,
34014,Assas,False,2023,Maison,13,
34014,Assas,False,2024,Maison,11,
34014,Assas,False,2025,Maison,16,
34015,Assignan,False,2022,Appartement,1,
34015,Assignan,False,2021,Maison,4,
34015,Assignan,False,2022,Maison,3,
34015,Assignan,False,2023,Maison,7,
34015,Assignan,False,2024,Maison,4,
34015,Assignan,False,2025,Maison,3,
34016,Aumelas,False,2021,Appartement,1,
34016,Aumelas,False,2022,Appartement,2,
34016,Aumelas,False,2021,Maison,9,
34016,Aumelas,False,2022,Maison,6,
34016,Aumelas,False,2023,Maison,2,
34016,Aumelas,False,2024,Maison,5,
34016,Aumelas,False,2025,Maison,9,
34017,Aumes,False,2021,Maison,14,
34017,Aumes,False,2022,Maison,4,
34017,Aumes,False,2023,Maison,7,
34017,Aumes,False,2024,Maison,5,
34017,Aumes,False,2025,Maison,7,
34018,Autignac,False,2021,Maison,16,
34018,Autignac,False,2022,Maison,29,
34018,Autignac,False,2023,Maison,17,
34018,Autignac,False,2024,Maison,12,
34018,Autignac,False,2025,Maison,17,
34019,Avène,False,2021,Appartement,2,
34019,Avène,False,2021,Maison,4,
34019,Avène,False,2022,Maison,9,
34019,Avène,False,2023,Maison,7,
34019,Avène,False,2024,Maison,5,
34019,Avène,False,2025,Maison,3,
34020,Azillanet,False,2021,Maison,4,
34020,Azillanet,False,2022,Maison,12,
34020,Azillanet,False,2023,Maison,3,
34020,Azillanet,False,2024,Maison,5,
34020,Azillanet,False,2025,Maison,6,
34021,Babeau-Bouldoux,False,2021,Maison,6,
34021,Babeau-Bouldoux,False,2022,Maison,1,
34021,Babeau-Bouldoux,False,2023,Maison,6,
34021,Babeau-Bouldoux,False,2024,Maison,6,
34021,Babeau-Bouldoux,False,2025,Maison,1,
34022,Baillargues,False,2021,Appartement,26,
34022,Baillargues,False,2022,Appartement,35,3646.67
34022,Baillargues,False,2023,Appartement,34,3780.85
34022,Baillargues,False,2024,Appartement,32,3626.98
34022,Baillargues,False,2025,Appartement,36,3668.96
34022,Baillargues,False,2021,Maison,102,3677.78
34022,Baillargues,False,2022,Maison,74,4160.03
34022,Baillargues,False,2023,Maison,51,4318.49
34022,Baillargues,False,2024,Maison,58,3909.79
34022,Baillargues,False,2025,Maison,87,3955.49
34023,Balaruc-les-Bains,False,2021,Appartement,162,3937.62
34023,Balaruc-les-Bains,False,2022,Appartement,250,4166.67
34023,Balaruc-les-Bains,False,2023,Appartement,215,4252.63
34023,Balaruc-les-Bains,False,2024,Appartement,181,4210.53
34023,Balaruc-les-Bains,False,2025,Appartement,208,4172.99
34023,Balaruc-les-Bains,False,2021,Maison,67,3372.73
34023,Balaruc-les-Bains,False,2022,Maison,60,3796.65
34023,Balaruc-les-Bains,False,2023,Maison,53,3845.88
34023,Balaruc-les-Bains,False,2024,Maison,35,3900
34023,Balaruc-les-Bains,False,2025,Maison,42,4015.97
34024,Balaruc-le-Vieux,False,2021,Appartement,4,
34024,Balaruc-le-Vieux,False,2022,Appartement,7,
34024,Balaruc-le-Vieux,False,2023,Appartement,10,
34024,Balaruc-le-Vieux,False,2024,Appartement,1,
34024,Balaruc-le-Vieux,False,2025,Appartement,3,
34024,Balaruc-le-Vieux,False,2021,Maison,40,3548.28
34024,Balaruc-le-Vieux,False,2022,Maison,22,
34024,Balaruc-le-Vieux,False,2023,Maison,12,
34024,Balaruc-le-Vieux,False,2024,Maison,22,
34024,Balaruc-le-Vieux,False,2025,Maison,24,
34025,Bassan,False,2021,Appartement,2,
34025,Bassan,False,2022,Appartement,2,
34025,Bassan,False,2023,Appartement,1,
34025,Bassan,False,2024,Appartement,1,
34025,Bassan,False,2025,Appartement,6,
34025,Bassan,False,2021,Maison,34,2082.32
34025,Bassan,False,2022,Maison,38,2615.04
34025,Bassan,False,2023,Maison,38,2717.36
34025,Bassan,False,2024,Maison,38,2343.79
34025,Bassan,False,2025,Maison,32,2344.3
34026,Beaufort,False,2021,Maison,6,
34026,Beaufort,False,2022,Maison,6,
34026,Beaufort,False,2023,Maison,2,
34026,Beaufort,False,2024,Maison,2,
34026,Beaufort,False,2025,Maison,5,
34027,Beaulieu,False,2022,Appartement,1,
34027,Beaulieu,False,2023,Appartement,2,
34027,Beaulieu,False,2021,Maison,25,
34027,Beaulieu,False,2022,Maison,16,
34027,Beaulieu,False,2023,Maison,14,
34027,Beaulieu,False,2024,Maison,14,
34027,Beaulieu,False,2025,Maison,19,
34028,Bédarieux,False,2021,Appartement,10,
34028,Bédarieux,False,2022,Appartement,15,
34028,Bédarieux,False,2023,Appartement,14,
34028,Bédarieux,False,2024,Appartement,10,
34028,Bédarieux,False,2025,Appartement,9,
34028,Bédarieux,False,2021,Maison,60,1535.37
34028,Bédarieux,False,2022,Maison,69,1900.83
34028,Bédarieux,False,2023,Maison,60,1913.2
34028,Bédarieux,False,2024,Maison,34,1754.25
34028,Bédarieux,False,2025,Maison,38,1898.47
34029,Bélarga,False,2021,Maison,12,
34029,Bélarga,False,2022,Maison,11,
34029,Bélarga,False,2023,Maison,9,
34029,Bélarga,False,2024,Maison,11,
34029,Bélarga,False,2025,Maison,13,
34030,Berlou,False,2021,Maison,3,
34030,Berlou,False,2022,Maison,3,
34030,Berlou,False,2023,Maison,1,
34030,Berlou,False,2024,Maison,2,
34030,Berlou,False,2025,Maison,2,
34031,Bessan,False,2021,Appartement,12,
34031,Bessan,False,2022,Appartement,5,
34031,Bessan,False,2023,Appartement,7,
34031,Bessan,False,2024,Appartement,4,
34031,Bessan,False,2025,Appartement,5,
34031,Bessan,False,2021,Maison,100,2203.42
34031,Bessan,False,2022,Maison,88,2338.07
34031,Bessan,False,2023,Maison,63,2221.77
34031,Bessan,False,2024,Maison,49,2680.75
34031,Bessan,False,2025,Maison,55,2495.37
34032,Béziers,True,2021,Appartement,737,1527.71
34032,Béziers,True,2022,Appartement,805,1692.31
34032,Béziers,True,2023,Appartement,707,1702.13
34032,Béziers,True,2024,Appartement,665,1766.67
34032,Béziers,True,2025,Appartement,765,1833.33
34032,Béziers,True,2021,Maison,601,2024.69
34032,Béziers,True,2022,Maison,634,2245.14
34032,Béziers,True,2023,Maison,447,2319.55
34032,Béziers,True,2024,Maison,444,2262.67
34032,Béziers,True,2025,Maison,496,2267.43
34033,Boisseron,False,2021,Appartement,3,
34033,Boisseron,False,2022,Appartement,6,
34033,Boisseron,False,2023,Appartement,4,
34033,Boisseron,False,2024,Appartement,3,
34033,Boisseron,False,2025,Appartement,5,
34033,Boisseron,False,2021,Maison,20,
34033,Boisseron,False,2022,Maison,32,3600.69
34033,Boisseron,False,2023,Maison,24,
34033,Boisseron,False,2024,Maison,17,
34033,Boisseron,False,2025,Maison,11,
34034,Boisset,False,2021,Maison,1,
34034,Boisset,False,2022,Maison,2,
34034,Boisset,False,2023,Maison,2,
34034,Boisset,False,2025,Maison,2,
34035,La Boissière,False,2021,Maison,13,
34035,La Boissière,False,2022,Maison,8,
34035,La Boissière,False,2023,Maison,7,
34035,La Boissière,False,2024,Maison,10,
34035,La Boissière,False,2025,Maison,13,
34036,Le Bosc,False,2021,Appartement,1,
34036,Le Bosc,False,2022,Appartement,2,
34036,Le Bosc,False,2023,Appartement,1,
34036,Le Bosc,False,2024,Appartement,1,
34036,Le Bosc,False,2021,Maison,21,
34036,Le Bosc,False,2022,Maison,9,
34036,Le Bosc,False,2023,Maison,18,
34036,Le Bosc,False,2024,Maison,11,
34036,Le Bosc,False,2025,Maison,7,
34037,Boujan-sur-Libron,False,2021,Appartement,10,
34037,Boujan-sur-Libron,False,2022,Appartement,11,
34037,Boujan-sur-Libron,False,2023,Appartement,9,
34037,Boujan-sur-Libron,False,2024,Appartement,8,
34037,Boujan-sur-Libron,False,2025,Appartement,10,
34037,Boujan-sur-Libron,False,2021,Maison,47,2228.26
34037,Boujan-sur-Libron,False,2022,Maison,35,2520.6
34037,Boujan-sur-Libron,False,2023,Maison,30,2178.91
34037,Boujan-sur-Libron,False,2024,Maison,28,
34037,Boujan-sur-Libron,False,2025,Maison,18,
34038,Le Bousquet-d'Orb,False,2021,Appartement,1,
34038,Le Bousquet-d'Orb,False,2022,Appartement,1,
34038,Le Bousquet-d'Orb,False,2023,Appartement,1,
34038,Le Bousquet-d'Orb,False,2024,Appartement,1,
34038,Le Bousquet-d'Orb,False,2021,Maison,13,
34038,Le Bousquet-d'Orb,False,2022,Maison,22,
34038,Le Bousquet-d'Orb,False,2023,Maison,19,
34038,Le Bousquet-d'Orb,False,2024,Maison,13,
34038,Le Bousquet-d'Orb,False,2025,Maison,21,
34039,Bouzigues,False,2021,Appartement,8,
34039,Bouzigues,False,2022,Appartement,8,
34039,Bouzigues,False,2023,Appartement,11,
34039,Bouzigues,False,2024,Appartement,3,
34039,Bouzigues,False,2025,Appartement,8,
34039,Bouzigues,False,2021,Maison,21,
34039,Bouzigues,False,2022,Maison,14,
34039,Bouzigues,False,2023,Maison,10,
34039,Bouzigues,False,2024,Maison,19,
34039,Bouzigues,False,2025,Maison,15,
34040,Brenas,False,2022,Maison,1,
34040,Brenas,False,2023,Maison,1,
34040,Brenas,False,2024,Maison,1,
34040,Brenas,False,2025,Maison,1,
34041,Brignac,False,2021,Appartement,1,
34041,Brignac,False,2022,Appartement,1,
34041,Brignac,False,2023,Appartement,1,
34041,Brignac,False,2025,Appartement,1,
34041,Brignac,False,2021,Maison,16,
34041,Brignac,False,2022,Maison,12,
34041,Brignac,False,2023,Maison,11,
34041,Brignac,False,2024,Maison,9,
34041,Brignac,False,2025,Maison,8,
34042,Brissac,False,2022,Appartement,1,
34042,Brissac,False,2023,Appartement,1,
34042,Brissac,False,2021,Maison,7,
34042,Brissac,False,2022,Maison,4,
34042,Brissac,False,2023,Maison,2,
34042,Brissac,False,2024,Maison,4,
34042,Brissac,False,2025,Maison,5,
34043,Buzignargues,False,2021,Appartement,1,
34043,Buzignargues,False,2022,Appartement,1,
34043,Buzignargues,False,2021,Maison,5,
34043,Buzignargues,False,2022,Maison,1,
34043,Buzignargues,False,2023,Maison,1,
34043,Buzignargues,False,2024,Maison,1,
34043,Buzignargues,False,2025,Maison,4,
34044,Cabrerolles,False,2023,Appartement,1,
34044,Cabrerolles,False,2021,Maison,6,
34044,Cabrerolles,False,2022,Maison,6,
34044,Cabrerolles,False,2023,Maison,2,
34044,Cabrerolles,False,2024,Maison,7,
34044,Cabrerolles,False,2025,Maison,10,
34045,Cabrières,False,2025,Appartement,1,
34045,Cabrières,False,2021,Maison,10,
34045,Cabrières,False,2022,Maison,8,
34045,Cabrières,False,2023,Maison,8,
34045,Cabrières,False,2024,Maison,5,
34045,Cabrières,False,2025,Maison,9,
34046,Cambon-et-Salvergues,False,2021,Maison,2,
34046,Cambon-et-Salvergues,False,2022,Maison,6,
34046,Cambon-et-Salvergues,False,2023,Maison,3,
34046,Cambon-et-Salvergues,False,2025,Maison,1,
34047,Campagnan,False,2021,Appartement,1,
34047,Campagnan,False,2025,Appartement,4,
34047,Campagnan,False,2021,Maison,10,
34047,Campagnan,False,2022,Maison,15,
34047,Campagnan,False,2023,Maison,5,
34047,Campagnan,False,2024,Maison,9,
34047,Campagnan,False,2025,Maison,12,
34048,Campagne,False,2021,Maison,1,
34048,Campagne,False,2022,Maison,3,
34048,Campagne,False,2025,Maison,4,
34049,Camplong,False,2021,Appartement,1,
34049,Camplong,False,2021,Maison,7,
34049,Camplong,False,2022,Maison,6,
34049,Camplong,False,2023,Maison,5,
34049,Camplong,False,2024,Maison,5,
34049,Camplong,False,2025,Maison,4,
34050,Candillargues,False,2021,Appartement,14,
34050,Candillargues,False,2022,Appartement,12,
34050,Candillargues,False,2023,Appartement,9,
34050,Candillargues,False,2024,Appartement,6,
34050,Candillargues,False,2025,Appartement,2,
34050,Candillargues,False,2021,Maison,20,
34050,Candillargues,False,2022,Maison,20,
34050,Candillargues,False,2023,Maison,15,
34050,Candillargues,False,2024,Maison,11,
34050,Candillargues,False,2025,Maison,16,
34051,Canet,False,2021,Appartement,1,
34051,Canet,False,2022,Appartement,8,
34051,Canet,False,2021,Maison,52,2682.3
34051,Canet,False,2022,Maison,48,2941.75
34051,Canet,False,2023,Maison,31,2790.14
34051,Canet,False,2024,Maison,39,2885.19
34051,Canet,False,2025,Maison,35,3076.92
34052,Capestang,False,2021,Appartement,3,
34052,Capestang,False,2022,Appartement,1,
34052,Capestang,False,2023,Appartement,5,
34052,Capestang,False,2021,Maison,48,1892.55
34052,Capestang,False,2022,Maison,54,1976.12
34052,Capestang,False,2023,Maison,62,2161.76
34052,Capestang,False,2024,Maison,44,2308.99
34052,Capestang,False,2025,Maison,55,2134.64
34053,Carlencas-et-Levas,False,2021,Maison,4,
34053,Carlencas-et-Levas,False,2024,Maison,1,
34053,Carlencas-et-Levas,False,2025,Maison,2,
34054,Cassagnoles,False,2024,Maison,1,
34054,Cassagnoles,False,2025,Maison,1,
34055,Castanet-le-Haut,False,2021,Maison,2,
34055,Castanet-le-Haut,False,2022,Maison,3,
34055,Castanet-le-Haut,False,2023,Maison,2,
34055,Castanet-le-Haut,False,2024,Maison,4,
34055,Castanet-le-Haut,False,2025,Maison,4,
34056,Castelnau-de-Guers,False,2021,Appartement,4,
34056,Castelnau-de-Guers,False,2022,Appartement,5,
34056,Castelnau-de-Guers,False,2025,Appartement,1,
34056,Castelnau-de-Guers,False,2021,Maison,18,
34056,Castelnau-de-Guers,False,2022,Maison,17,
34056,Castelnau-de-Guers,False,2023,Maison,15,
34056,Castelnau-de-Guers,False,2024,Maison,12,
34056,Castelnau-de-Guers,False,2025,Maison,8,
34057,Castelnau-le-Lez,False,2021,Appartement,290,3583.29
34057,Castelnau-le-Lez,False,2022,Appartement,333,3822.58
34057,Castelnau-le-Lez,False,2023,Appartement,301,3875.09
34057,Castelnau-le-Lez,False,2024,Appartement,221,3791.67
34057,Castelnau-le-Lez,False,2025,Appartement,291,3854.84
34057,Castelnau-le-Lez,False,2021,Maison,145,4473.68
34057,Castelnau-le-Lez,False,2022,Maison,149,4660.19
34057,Castelnau-le-Lez,False,2023,Maison,130,4895.61
34057,Castelnau-le-Lez,False,2024,Maison,112,4718.51
34057,Castelnau-le-Lez,False,2025,Maison,118,4521.94
34058,Castries,False,2021,Appartement,9,
34058,Castries,False,2022,Appartement,20,
34058,Castries,False,2023,Appartement,14,
34058,Castries,False,2024,Appartement,14,
34058,Castries,False,2025,Appartement,11,
34058,Castries,False,2021,Maison,74,3839.28
34058,Castries,False,2022,Maison,71,3892.7
34058,Castries,False,2023,Maison,51,4050.63
34058,Castries,False,2024,Maison,54,3848.49
34058,Castries,False,2025,Maison,41,3737.37
34059,La Caunette,False,2021,Maison,5,
34059,La Caunette,False,2022,Maison,6,
34059,La Caunette,False,2023,Maison,3,
34059,La Caunette,False,2024,Maison,4,
34059,La Caunette,False,2025,Maison,4,
34060,Causse-de-la-Selle,False,2021,Maison,7,
34060,Causse-de-la-Selle,False,2022,Maison,6,
34060,Causse-de-la-Selle,False,2023,Maison,6,
34060,Causse-de-la-Selle,False,2024,Maison,5,
34060,Causse-de-la-Selle,False,2025,Maison,1,
34061,Causses-et-Veyran,False,2024,Appartement,1,
34061,Causses-et-Veyran,False,2021,Maison,2,
34061,Causses-et-Veyran,False,2022,Maison,22,
34061,Causses-et-Veyran,False,2023,Maison,12,
34061,Causses-et-Veyran,False,2024,Maison,7,
34061,Causses-et-Veyran,False,2025,Maison,10,
34062,Caussiniojouls,False,2021,Maison,1,
34062,Caussiniojouls,False,2022,Maison,3,
34062,Caussiniojouls,False,2023,Maison,5,
34062,Caussiniojouls,False,2025,Maison,3,
34063,Caux,False,2021,Appartement,1,
34063,Caux,False,2022,Appartement,5,
34063,Caux,False,2023,Appartement,1,
34063,Caux,False,2021,Maison,46,2549.14
34063,Caux,False,2022,Maison,54,2578.24
34063,Caux,False,2023,Maison,45,1996.67
34063,Caux,False,2024,Maison,28,
34063,Caux,False,2025,Maison,45,2526.7
34064,Le Caylar,False,2021,Appartement,1,
34064,Le Caylar,False,2025,Appartement,1,
34064,Le Caylar,False,2021,Maison,11,
34064,Le Caylar,False,2022,Maison,5,
34064,Le Caylar,False,2023,Maison,5,
34064,Le Caylar,False,2024,Maison,5,
34064,Le Caylar,False,2025,Maison,5,
34065,Cazedarnes,False,2021,Maison,7,
34065,Cazedarnes,False,2022,Maison,6,
34065,Cazedarnes,False,2023,Maison,12,
34065,Cazedarnes,False,2024,Maison,7,
34065,Cazedarnes,False,2025,Maison,6,
34066,Cazevieille,False,2021,Maison,1,
34066,Cazevieille,False,2022,Maison,2,
34066,Cazevieille,False,2023,Maison,1,
34066,Cazevieille,False,2024,Maison,3,
34067,Cazilhac,False,2022,Appartement,1,
34067,Cazilhac,False,2023,Appartement,2,
34067,Cazilhac,False,2024,Appartement,1,
34067,Cazilhac,False,2025,Appartement,3,
34067,Cazilhac,False,2021,Maison,18,
34067,Cazilhac,False,2022,Maison,19,
34067,Cazilhac,False,2023,Maison,12,
34067,Cazilhac,False,2024,Maison,16,
34067,Cazilhac,False,2025,Maison,9,
34068,Cazouls-d'Hérault,False,2021,Appartement,1,
34068,Cazouls-d'Hérault,False,2021,Maison,7,
34068,Cazouls-d'Hérault,False,2022,Maison,7,
34068,Cazouls-d'Hérault,False,2023,Maison,13,
34068,Cazouls-d'Hérault,False,2024,Maison,3,
34068,Cazouls-d'Hérault,False,2025,Maison,7,
34069,Cazouls-lès-Béziers,False,2021,Appartement,3,
34069,Cazouls-lès-Béziers,False,2022,Appartement,2,
34069,Cazouls-lès-Béziers,False,2023,Appartement,2,
34069,Cazouls-lès-Béziers,False,2024,Appartement,4,
34069,Cazouls-lès-Béziers,False,2025,Appartement,3,
34069,Cazouls-lès-Béziers,False,2021,Maison,69,2211.11
34069,Cazouls-lès-Béziers,False,2022,Maison,80,1886.55
34069,Cazouls-lès-Béziers,False,2023,Maison,62,2003.94
34069,Cazouls-lès-Béziers,False,2024,Maison,55,1851.85
34069,Cazouls-lès-Béziers,False,2025,Maison,66,1932.83
34070,Cébazan,False,2023,Appartement,1,
34070,Cébazan,False,2021,Maison,17,
34070,Cébazan,False,2022,Maison,7,
34070,Cébazan,False,2023,Maison,12,
34070,Cébazan,False,2024,Maison,9,
34070,Cébazan,False,2025,Maison,10,
34071,Ceilhes-et-Rocozels,False,2021,Maison,6,
34071,Ceilhes-et-Rocozels,False,2022,Maison,5,
34071,Ceilhes-et-Rocozels,False,2023,Maison,3,
34071,Ceilhes-et-Rocozels,False,2024,Maison,3,
34071,Ceilhes-et-Rocozels,False,2025,Maison,2,
34073,Cers,False,2021,Appartement,1,
34073,Cers,False,2023,Appartement,2,
34073,Cers,False,2024,Appartement,1,
34073,Cers,False,2025,Appartement,5,
34073,Cers,False,2021,Maison,39,2406.98
34073,Cers,False,2022,Maison,30,2553.62
34073,Cers,False,2023,Maison,18,
34073,Cers,False,2024,Maison,20,
34073,Cers,False,2025,Maison,21,
34074,Cessenon-sur-Orb,False,2021,Appartement,2,
34074,Cessenon-sur-Orb,False,2022,Appartement,1,
34074,Cessenon-sur-Orb,False,2024,Appartement,1,
34074,Cessenon-sur-Orb,False,2021,Maison,31,1880.95
34074,Cessenon-sur-Orb,False,2022,Maison,28,
34074,Cessenon-sur-Orb,False,2023,Maison,36,1825.63
34074,Cessenon-sur-Orb,False,2024,Maison,31,1702.13
34074,Cessenon-sur-Orb,False,2025,Maison,31,1750.37
34075,Cesseras,False,2021,Maison,2,
34075,Cesseras,False,2022,Maison,7,
34075,Cesseras,False,2023,Maison,10,
34075,Cesseras,False,2024,Maison,6,
34075,Cesseras,False,2025,Maison,7,
34076,Ceyras,False,2021,Appartement,1,
34076,Ceyras,False,2022,Appartement,1,
34076,Ceyras,False,2024,Appartement,1,
34076,Ceyras,False,2025,Appartement,3,
34076,Ceyras,False,2021,Maison,15,
34076,Ceyras,False,2022,Maison,20,
34076,Ceyras,False,2023,Maison,16,
34076,Ceyras,False,2024,Maison,13,
34076,Ceyras,False,2025,Maison,12,
34077,Clapiers,False,2021,Appartement,18,
34077,Clapiers,False,2022,Appartement,13,
34077,Clapiers,False,2023,Appartement,13,
34077,Clapiers,False,2024,Appartement,6,
34077,Clapiers,False,2025,Appartement,13,
34077,Clapiers,False,2021,Maison,52,3934.47
34077,Clapiers,False,2022,Maison,41,4473.68
34077,Clapiers,False,2023,Maison,29,
34077,Clapiers,False,2024,Maison,36,4356.79
34077,Clapiers,False,2025,Maison,40,4112.63
34078,Claret,False,2022,Appartement,2,
34078,Claret,False,2024,Appartement,1,
34078,Claret,False,2021,Maison,21,
34078,Claret,False,2022,Maison,15,
34078,Claret,False,2023,Maison,13,
34078,Claret,False,2024,Maison,5,
34078,Claret,False,2025,Maison,10,
34079,Clermont-l'Hérault,False,2021,Appartement,83,1738.77
34079,Clermont-l'Hérault,False,2022,Appartement,69,1816.67
34079,Clermont-l'Hérault,False,2023,Appartement,53,2087.84
34079,Clermont-l'Hérault,False,2024,Appartement,33,2000
34079,Clermont-l'Hérault,False,2025,Appartement,60,2021.02
34079,Clermont-l'Hérault,False,2021,Maison,84,2658.51
34079,Clermont-l'Hérault,False,2022,Maison,89,2681.61
34079,Clermont-l'Hérault,False,2023,Maison,66,2894.74
34079,Clermont-l'Hérault,False,2024,Maison,52,2535.62
34079,Clermont-l'Hérault,False,2025,Maison,67,2488
34080,Colombières-sur-Orb,False,2021,Maison,4,
34080,Colombières-sur-Orb,False,2022,Maison,5,
34080,Colombières-sur-Orb,False,2023,Maison,10,
34080,Colombières-sur-Orb,False,2024,Maison,4,
34080,Colombières-sur-Orb,False,2025,Maison,10,
34081,Colombiers,False,2021,Appartement,5,
34081,Colombiers,False,2022,Appartement,3,
34081,Colombiers,False,2023,Appartement,5,
34081,Colombiers,False,2024,Appartement,2,
34081,Colombiers,False,2025,Appartement,2,
34081,Colombiers,False,2021,Maison,42,2389.06
34081,Colombiers,False,2022,Maison,39,2733.33
34081,Colombiers,False,2023,Maison,29,
34081,Colombiers,False,2024,Maison,22,
34081,Colombiers,False,2025,Maison,30,2712.81
34082,Combaillaux,False,2021,Appartement,1,
34082,Combaillaux,False,2025,Appartement,4,
34082,Combaillaux,False,2021,Maison,16,
34082,Combaillaux,False,2022,Maison,20,
34082,Combaillaux,False,2023,Maison,9,
34082,Combaillaux,False,2024,Maison,10,
34082,Combaillaux,False,2025,Maison,16,
34083,Combes,False,2021,Maison,6,
34083,Combes,False,2022,Maison,3,
34083,Combes,False,2024,Maison,3,
34083,Combes,False,2025,Maison,4,
34084,Corneilhan,False,2023,Appartement,1,
34084,Corneilhan,False,2024,Appartement,1,
34084,Corneilhan,False,2021,Maison,24,
34084,Corneilhan,False,2022,Maison,17,
34084,Corneilhan,False,2023,Maison,23,
34084,Corneilhan,False,2024,Maison,17,
34084,Corneilhan,False,2025,Maison,20,
34085,Coulobres,False,2021,Maison,4,
34085,Coulobres,False,2022,Maison,5,
34085,Coulobres,False,2023,Maison,12,
34085,Coulobres,False,2024,Maison,4,
34085,Coulobres,False,2025,Maison,7,
34086,Courniou,False,2021,Maison,13,
34086,Courniou,False,2022,Maison,9,
34086,Courniou,False,2023,Maison,9,
34086,Courniou,False,2024,Maison,11,
34086,Courniou,False,2025,Maison,5,
34087,Cournonsec,False,2021,Appartement,12,
34087,Cournonsec,False,2022,Appartement,5,
34087,Cournonsec,False,2023,Appartement,4,
34087,Cournonsec,False,2024,Appartement,4,
34087,Cournonsec,False,2025,Appartement,4,
34087,Cournonsec,False,2021,Maison,35,3343.54
34087,Cournonsec,False,2022,Maison,34,3875.8
34087,Cournonsec,False,2023,Maison,15,
34087,Cournonsec,False,2024,Maison,27,
34087,Cournonsec,False,2025,Maison,27,
34088,Cournonterral,False,2021,Appartement,10,
34088,Cournonterral,False,2022,Appartement,17,
34088,Cournonterral,False,2023,Appartement,7,
34088,Cournonterral,False,2024,Appartement,13,
34088,Cournonterral,False,2025,Appartement,11,
34088,Cournonterral,False,2021,Maison,78,3243.81
34088,Cournonterral,False,2022,Maison,71,3593.75
34088,Cournonterral,False,2023,Maison,62,3673.79
34088,Cournonterral,False,2024,Maison,40,3155.77
34088,Cournonterral,False,2025,Maison,67,3388.1
34089,Creissan,False,2023,Appartement,1,
34089,Creissan,False,2025,Appartement,2,
34089,Creissan,False,2021,Maison,42,2271.41
34089,Creissan,False,2022,Maison,26,
34089,Creissan,False,2023,Maison,16,
34089,Creissan,False,2024,Maison,19,
34089,Creissan,False,2025,Maison,13,
34090,Le Crès,False,2021,Appartement,36,3899.64
34090,Le Crès,False,2022,Appartement,43,4125
34090,Le Crès,False,2023,Appartement,38,4267.39
34090,Le Crès,False,2024,Appartement,28,
34090,Le Crès,False,2025,Appartement,47,4157.89
34090,Le Crès,False,2021,Maison,68,3765.66
34090,Le Crès,False,2022,Maison,85,4019.07
34090,Le Crès,False,2023,Maison,73,4250.17
34090,Le Crès,False,2024,Maison,56,3721.69
34090,Le Crès,False,2025,Maison,67,3841.74
34091,Le Cros,False,2022,Maison,1,
34091,Le Cros,False,2024,Maison,1,
34092,Cruzy,False,2021,Maison,13,
34092,Cruzy,False,2022,Maison,22,
34092,Cruzy,False,2023,Maison,10,
34092,Cruzy,False,2024,Maison,8,
34092,Cruzy,False,2025,Maison,16,
34093,Dio-et-Valquières,False,2021,Maison,1,
34093,Dio-et-Valquières,False,2022,Maison,4,
34093,Dio-et-Valquières,False,2023,Maison,2,
34093,Dio-et-Valquières,False,2024,Maison,2,
34093,Dio-et-Valquières,False,2025,Maison,1,
34094,Espondeilhan,False,2021,Maison,16,
34094,Espondeilhan,False,2022,Maison,18,
34094,Espondeilhan,False,2023,Maison,15,
34094,Espondeilhan,False,2024,Maison,13,
34094,Espondeilhan,False,2025,Maison,11,
34095,Fabrègues,False,2021,Appartement,27,
34095,Fabrègues,False,2022,Appartement,26,
34095,Fabrègues,False,2023,Appartement,23,
34095,Fabrègues,False,2024,Appartement,17,
34095,Fabrègues,False,2025,Appartement,28,
34095,Fabrègues,False,2021,Maison,80,3528.04
34095,Fabrègues,False,2022,Maison,68,3855.38
34095,Fabrègues,False,2023,Maison,54,3824.65
34095,Fabrègues,False,2024,Maison,53,3711.34
34095,Fabrègues,False,2025,Maison,59,3700
34096,Faugères,False,2025,Appartement,1,
34096,Faugères,False,2021,Maison,15,
34096,Faugères,False,2022,Maison,11,
34096,Faugères,False,2023,Maison,14,
34096,Faugères,False,2024,Maison,9,
34096,Faugères,False,2025,Maison,9,
34097,Félines-Minervois,False,2021,Maison,8,
34097,Félines-Minervois,False,2022,Maison,12,
34097,Félines-Minervois,False,2023,Maison,6,
34097,Félines-Minervois,False,2024,Maison,8,
34097,Félines-Minervois,False,2025,Maison,8,
34098,Ferrals-les-Montagnes,False,2021,Maison,2,
34098,Ferrals-les-Montagnes,False,2022,Maison,2,
34098,Ferrals-les-Montagnes,False,2023,Maison,2,
34098,Ferrals-les-Montagnes,False,2024,Maison,3,
34098,Ferrals-les-Montagnes,False,2025,Maison,4,
34099,Ferrières-les-Verreries,False,2021,Maison,1,
34099,Ferrières-les-Verreries,False,2022,Maison,1,
34100,Ferrières-Poussarou,False,2021,Maison,3,
34100,Ferrières-Poussarou,False,2022,Maison,2,
34100,Ferrières-Poussarou,False,2024,Maison,2,
34100,Ferrières-Poussarou,False,2025,Maison,1,
34101,Florensac,False,2021,Appartement,8,
34101,Florensac,False,2022,Appartement,10,
34101,Florensac,False,2023,Appartement,5,
34101,Florensac,False,2024,Appartement,3,
34101,Florensac,False,2025,Appartement,2,
34101,Florensac,False,2021,Maison,100,2161.47
34101,Florensac,False,2022,Maison,95,2547.01
34101,Florensac,False,2023,Maison,78,2595.31
34101,Florensac,False,2024,Maison,57,2750
34101,Florensac,False,2025,Maison,60,2684.7
34102,Fontanès,False,2021,Maison,6,
34102,Fontanès,False,2022,Maison,1,
34102,Fontanès,False,2023,Maison,3,
34102,Fontanès,False,2024,Maison,6,
34103,Fontès,False,2021,Maison,19,
34103,Fontès,False,2022,Maison,15,
34103,Fontès,False,2023,Maison,8,
34103,Fontès,False,2024,Maison,12,
34103,Fontès,False,2025,Maison,19,
34104,Fos,False,2021,Maison,2,
34104,Fos,False,2022,Maison,3,
34104,Fos,False,2023,Maison,1,
34104,Fos,False,2024,Maison,1,
34104,Fos,False,2025,Maison,1,
34105,Fouzilhon,False,2021,Maison,4,
34105,Fouzilhon,False,2022,Maison,4,
34105,Fouzilhon,False,2023,Maison,5,
34105,Fouzilhon,False,2024,Maison,4,
34105,Fouzilhon,False,2025,Maison,2,
34106,Fozières,False,2021,Maison,1,
34106,Fozières,False,2022,Maison,1,
34106,Fozières,False,2023,Maison,1,
34106,Fozières,False,2024,Maison,1,
34106,Fozières,False,2025,Maison,2,
34107,Fraisse-sur-Agout,False,2023,Appartement,1,
34107,Fraisse-sur-Agout,False,2021,Maison,8,
34107,Fraisse-sur-Agout,False,2022,Maison,10,
34107,Fraisse-sur-Agout,False,2023,Maison,6,
34107,Fraisse-sur-Agout,False,2024,Maison,3,
34107,Fraisse-sur-Agout,False,2025,Maison,5,
34108,Frontignan,False,2021,Appartement,284,2837.52
34108,Frontignan,False,2022,Appartement,279,3267.46
34108,Frontignan,False,2023,Appartement,226,3377.98
34108,Frontignan,False,2024,Appartement,192,3401.53
34108,Frontignan,False,2025,Appartement,209,3484.85
34108,Frontignan,False,2021,Maison,239,3265.05
34108,Frontignan,False,2022,Maison,234,3640.38
34108,Frontignan,False,2023,Maison,177,3840.58
34108,Frontignan,False,2024,Maison,159,3536.84
34108,Frontignan,False,2025,Maison,173,3452.38
34109,Gabian,False,2021,Maison,22,
34109,Gabian,False,2022,Maison,31,2336.39
34109,Gabian,False,2023,Maison,19,
34109,Gabian,False,2024,Maison,18,
34109,Gabian,False,2025,Maison,14,
34110,Galargues,False,2022,Appartement,1,
34110,Galargues,False,2021,Maison,12,
34110,Galargues,False,2022,Maison,11,
34110,Galargues,False,2023,Maison,4,
34110,Galargues,False,2024,Maison,1,
34110,Galargues,False,2025,Maison,8,
34111,Ganges,False,2021,Appartement,20,
34111,Ganges,False,2022,Appartement,21,
34111,Ganges,False,2023,Appartement,23,
34111,Ganges,False,2024,Appartement,23,
34111,Ganges,False,2025,Appartement,27,
34111,Ganges,False,2021,Maison,25,
34111,Ganges,False,2022,Maison,24,
34111,Ganges,False,2023,Maison,24,
34111,Ganges,False,2024,Maison,16,
34111,Ganges,False,2025,Maison,13,
34112,Garrigues,False,2021,Maison,1,
34112,Garrigues,False,2022,Maison,1,
34112,Garrigues,False,2024,Maison,1,
34113,Gigean,False,2021,Appartement,19,
34113,Gigean,False,2022,Appartement,27,
34113,Gigean,False,2023,Appartement,30,2597.32
34113,Gigean,False,2024,Appartement,14,
34113,Gigean,False,2025,Appartement,24,
34113,Gigean,False,2021,Maison,93,3113.04
34113,Gigean,False,2022,Maison,60,3515.3
34113,Gigean,False,2023,Maison,52,3555.11
34113,Gigean,False,2024,Maison,41,3221.4
34113,Gigean,False,2025,Maison,68,3214.02
34114,Gignac,False,2021,Appartement,8,
34114,Gignac,False,2022,Appartement,17,
34114,Gignac,False,2023,Appartement,6,
34114,Gignac,False,2024,Appartement,11,
34114,Gignac,False,2025,Appartement,9,
34114,Gignac,False,2021,Maison,84,2836.39
34114,Gignac,False,2022,Maison,63,2950
34114,Gignac,False,2023,Maison,53,3125
34114,Gignac,False,2024,Maison,53,3006.31
34114,Gignac,False,2025,Maison,45,2841.3
34115,Gorniès,False,2021,Maison,3,
34115,Gorniès,False,2022,Maison,2,
34115,Gorniès,False,2023,Maison,4,
34115,Gorniès,False,2024,Maison,1,
34115,Gorniès,False,2025,Maison,3,
34116,Grabels,False,2021,Appartement,110,2890.04
34116,Grabels,False,2022,Appartement,114,3065.5
34116,Grabels,False,2023,Appartement,75,3080.95
34116,Grabels,False,2024,Appartement,69,3193.55
34116,Grabels,False,2025,Appartement,95,3181.82
34116,Grabels,False,2021,Maison,66,3613.28
34116,Grabels,False,2022,Maison,61,3998.47
34116,Grabels,False,2023,Maison,46,3653.67
34116,Grabels,False,2024,Maison,40,4176.46
34116,Grabels,False,2025,Maison,31,3658.12
34117,Graissessac,False,2021,Appartement,1,
34117,Graissessac,False,2024,Appartement,2,
34117,Graissessac,False,2025,Appartement,1,
34117,Graissessac,False,2021,Maison,8,
34117,Graissessac,False,2022,Maison,13,
34117,Graissessac,False,2023,Maison,13,
34117,Graissessac,False,2024,Maison,7,
34117,Graissessac,False,2025,Maison,6,
34118,Guzargues,False,2021,Maison,4,
34118,Guzargues,False,2022,Maison,3,
34118,Guzargues,False,2024,Maison,4,
34118,Guzargues,False,2025,Maison,3,
34119,Hérépian,False,2021,Appartement,3,
34119,Hérépian,False,2022,Appartement,4,
34119,Hérépian,False,2023,Appartement,2,
34119,Hérépian,False,2024,Appartement,1,
34119,Hérépian,False,2025,Appartement,1,
34119,Hérépian,False,2021,Maison,25,
34119,Hérépian,False,2022,Maison,16,
34119,Hérépian,False,2023,Maison,25,
34119,Hérépian,False,2024,Maison,13,
34119,Hérépian,False,2025,Maison,20,
34120,Jacou,False,2021,Appartement,30,3754.22
34120,Jacou,False,2022,Appartement,48,3944.39
34120,Jacou,False,2023,Appartement,32,4089.41
34120,Jacou,False,2024,Appartement,29,
34120,Jacou,False,2025,Appartement,20,
34120,Jacou,False,2021,Maison,60,3971.52
34120,Jacou,False,2022,Maison,56,4129.03
34120,Jacou,False,2023,Maison,32,4065.24
34120,Jacou,False,2024,Maison,36,4016.99
34120,Jacou,False,2025,Maison,39,4108.22
34121,Joncels,False,2021,Maison,8,
34121,Joncels,False,2022,Maison,3,
34121,Joncels,False,2023,Maison,3,
34121,Joncels,False,2024,Maison,3,
34121,Joncels,False,2025,Maison,4,
34122,Jonquières,False,2021,Appartement,1,
34122,Jonquières,False,2021,Maison,11,
34122,Jonquières,False,2022,Maison,7,
34122,Jonquières,False,2023,Maison,4,
34122,Jonquières,False,2024,Maison,9,
34122,Jonquières,False,2025,Maison,8,
34123,Juvignac,False,2021,Appartement,81,3139.03
34123,Juvignac,False,2022,Appartement,80,3261
34123,Juvignac,False,2023,Appartement,70,3338.23
34123,Juvignac,False,2024,Appartement,72,3147.52
34123,Juvignac,False,2025,Appartement,100,3055.49
34123,Juvignac,False,2021,Maison,147,3164.38
34123,Juvignac,False,2022,Maison,118,3536.68
34123,Juvignac,False,2023,Maison,111,3677.33
34123,Juvignac,False,2024,Maison,70,3497.79
34123,Juvignac,False,2025,Maison,89,3274.62
34124,Lacoste,False,2021,Maison,3,
34124,Lacoste,False,2022,Maison,10,
34124,Lacoste,False,2023,Maison,1,
34124,Lacoste,False,2024,Maison,2,
34124,Lacoste,False,2025,Maison,5,
34125,Lagamas,False,2021,Maison,3,
34125,Lagamas,False,2022,Maison,3,
34125,Lagamas,False,2025,Maison,2,
34126,Lamalou-les-Bains,False,2021,Appartement,20,
34126,Lamalou-les-Bains,False,2022,Appartement,60,1993.64
34126,Lamalou-les-Bains,False,2023,Appartement,42,2250.78
34126,Lamalou-les-Bains,False,2024,Appartement,44,2321.76
34126,Lamalou-les-Bains,False,2025,Appartement,41,2083.33
34126,Lamalou-les-Bains,False,2021,Maison,20,
34126,Lamalou-les-Bains,False,2022,Maison,29,
34126,Lamalou-les-Bains,False,2023,Maison,25,
34126,Lamalou-les-Bains,False,2024,Maison,22,
34126,Lamalou-les-Bains,False,2025,Maison,17,
34127,Lansargues,False,2021,Appartement,4,
34127,Lansargues,False,2022,Appartement,9,
34127,Lansargues,False,2023,Appartement,2,
34127,Lansargues,False,2025,Appartement,5,
34127,Lansargues,False,2021,Maison,33,2652.72
34127,Lansargues,False,2022,Maison,37,3236.11
34127,Lansargues,False,2023,Maison,31,3363.27
34127,Lansargues,False,2024,Maison,33,3274.15
34127,Lansargues,False,2025,Maison,30,3433.42
34128,Laroque,False,2021,Appartement,4,
34128,Laroque,False,2022,Appartement,4,
34128,Laroque,False,2023,Appartement,2,
34128,Laroque,False,2024,Appartement,1,
34128,Laroque,False,2025,Appartement,1,
34128,Laroque,False,2021,Maison,21,
34128,Laroque,False,2022,Maison,25,
34128,Laroque,False,2023,Maison,19,
34128,Laroque,False,2024,Maison,9,
34128,Laroque,False,2025,Maison,13,
34129,Lattes,False,2021,Appartement,165,4285.71
34129,Lattes,False,2022,Appartement,143,4552.94
34129,Lattes,False,2023,Appartement,114,4839.2
34129,Lattes,False,2024,Appartement,101,4634.15
34129,Lattes,False,2025,Appartement,141,4658.05
34129,Lattes,False,2021,Maison,120,4497.01
34129,Lattes,False,2022,Maison,105,4734.96
34129,Lattes,False,2023,Maison,87,4695.12
34129,Lattes,False,2024,Maison,93,4407.89
34129,Lattes,False,2025,Maison,122,4520.87
34130,Laurens,False,2021,Appartement,1,
34130,Laurens,False,2024,Appartement,1,
34130,Laurens,False,2021,Maison,28,
34130,Laurens,False,2022,Maison,34,2463.04
34130,Laurens,False,2023,Maison,35,2684.48
34130,Laurens,False,2024,Maison,31,2549.52
34130,Laurens,False,2025,Maison,30,2075
34131,Lauret,False,2021,Maison,5,
34131,Lauret,False,2022,Maison,7,
34131,Lauret,False,2023,Maison,7,
34131,Lauret,False,2024,Maison,4,
34131,Lauret,False,2025,Maison,3,
34132,Lauroux,False,2021,Maison,2,
34132,Lauroux,False,2022,Maison,4,
34132,Lauroux,False,2023,Maison,3,
34132,Lauroux,False,2024,Maison,1,
34133,Lavalette,False,2023,Appartement,1,
34133,Lavalette,False,2021,Maison,1,
34134,Lavérune,False,2021,Appartement,7,
34134,Lavérune,False,2022,Appartement,11,
34134,Lavérune,False,2023,Appartement,5,
34134,Lavérune,False,2024,Appartement,14,
34134,Lavérune,False,2025,Appartement,5,
34134,Lavérune,False,2021,Maison,21,
34134,Lavérune,False,2022,Maison,32,3744.83
34134,Lavérune,False,2023,Maison,22,
34134,Lavérune,False,2024,Maison,24,
34134,Lavérune,False,2025,Maison,22,
34135,Lespignan,False,2021,Appartement,5,
34135,Lespignan,False,2022,Appartement,2,
34135,Lespignan,False,2023,Appartement,3,
34135,Lespignan,False,2024,Appartement,3,
34135,Lespignan,False,2025,Appartement,3,
34135,Lespignan,False,2021,Maison,56,1800.78
34135,Lespignan,False,2022,Maison,69,1931.67
34135,Lespignan,False,2023,Maison,41,2108.25
34135,Lespignan,False,2024,Maison,50,2237.5
34135,Lespignan,False,2025,Maison,51,2437.5
34136,Lézignan-la-Cèbe,False,2021,Appartement,1,
34136,Lézignan-la-Cèbe,False,2024,Appartement,2,
34136,Lézignan-la-Cèbe,False,2021,Maison,23,
34136,Lézignan-la-Cèbe,False,2022,Maison,27,
34136,Lézignan-la-Cèbe,False,2023,Maison,14,
34136,Lézignan-la-Cèbe,False,2024,Maison,18,
34136,Lézignan-la-Cèbe,False,2025,Maison,23,
34137,Liausson,False,2021,Maison,2,
34137,Liausson,False,2022,Maison,4,
34137,Liausson,False,2023,Maison,1,
34137,Liausson,False,2024,Maison,1,
34137,Liausson,False,2025,Maison,2,
34138,Lieuran-Cabrières,False,2021,Maison,4,
34138,Lieuran-Cabrières,False,2022,Maison,6,
34138,Lieuran-Cabrières,False,2023,Maison,3,
34138,Lieuran-Cabrières,False,2024,Maison,4,
34138,Lieuran-Cabrières,False,2025,Maison,4,
34139,Lieuran-lès-Béziers,False,2021,Maison,15,
34139,Lieuran-lès-Béziers,False,2022,Maison,26,
34139,Lieuran-lès-Béziers,False,2023,Maison,13,
34139,Lieuran-lès-Béziers,False,2024,Maison,20,
34139,Lieuran-lès-Béziers,False,2025,Maison,24,
34140,Lignan-sur-Orb,False,2021,Appartement,1,
34140,Lignan-sur-Orb,False,2023,Appartement,1,
34140,Lignan-sur-Orb,False,2024,Appartement,1,
34140,Lignan-sur-Orb,False,2021,Maison,58,2398.28
34140,Lignan-sur-Orb,False,2022,Maison,48,2416.82
34140,Lignan-sur-Orb,False,2023,Maison,31,2674.16
34140,Lignan-sur-Orb,False,2024,Maison,27,
34140,Lignan-sur-Orb,False,2025,Maison,44,2495.38
34141,La Livinière,False,2023,Appartement,1,
34141,La Livinière,False,2021,Maison,10,
34141,La Livinière,False,2022,Maison,10,
34141,La Livinière,False,2023,Maison,7,
34141,La Livinière,False,2024,Maison,8,
34141,La Livinière,False,2025,Maison,18,
34142,Lodève,False,2021,Appartement,25,
34142,Lodève,False,2022,Appartement,20,
34142,Lodève,False,2023,Appartement,34,1347.38
34142,Lodève,False,2024,Appartement,31,1285.71
34142,Lodève,False,2025,Appartement,24,
34142,Lodève,False,2021,Maison,49,2000
34142,Lodève,False,2022,Maison,65,1954.02
34142,Lodève,False,2023,Maison,55,2299.11
34142,Lodève,False,2024,Maison,32,2325.39
34142,Lodève,False,2025,Maison,47,2250
34143,Loupian,False,2021,Appartement,3,
34143,Loupian,False,2022,Appartement,4,
34143,Loupian,False,2023,Appartement,4,
34143,Loupian,False,2024,Appartement,3,
34143,Loupian,False,2025,Appartement,5,
34143,Loupian,False,2021,Maison,49,2855.56
34143,Loupian,False,2022,Maison,45,3375
34143,Loupian,False,2023,Maison,29,
34143,Loupian,False,2024,Maison,39,3842.09
34143,Loupian,False,2025,Maison,33,3475.61
34144,Lunas,False,2022,Appartement,2,
34144,Lunas,False,2023,Appartement,1,
34144,Lunas,False,2025,Appartement,1,
34144,Lunas,False,2021,Maison,13,
34144,Lunas,False,2022,Maison,9,
34144,Lunas,False,2023,Maison,10,
34144,Lunas,False,2024,Maison,5,
34144,Lunas,False,2025,Maison,7,
34145,Lunel,False,2021,Appartement,203,2000
34145,Lunel,False,2022,Appartement,181,2335.14
34145,Lunel,False,2023,Appartement,183,2283.33
34145,Lunel,False,2024,Appartement,125,2310.44
34145,Lunel,False,2025,Appartement,144,2245.66
34145,Lunel,False,2021,Maison,262,2766.97
34145,Lunel,False,2022,Maison,222,3121.91
34145,Lunel,False,2023,Maison,190,3182.1
34145,Lunel,False,2024,Maison,172,3009.9
34145,Lunel,False,2025,Maison,221,3013.7
34146,Lunel-Viel,False,2021,Appartement,7,
34146,Lunel-Viel,False,2022,Appartement,6,
34146,Lunel-Viel,False,2023,Appartement,3,
34146,Lunel-Viel,False,2024,Appartement,4,
34146,Lunel-Viel,False,2025,Appartement,9,
34146,Lunel-Viel,False,2021,Maison,33,3072.5
34146,Lunel-Viel,False,2022,Maison,51,3293.75
34146,Lunel-Viel,False,2023,Maison,31,3247.62
34146,Lunel-Viel,False,2024,Maison,41,3030.49
34146,Lunel-Viel,False,2025,Maison,30,3274.52
34147,Magalas,False,2021,Appartement,2,
34147,Magalas,False,2022,Appartement,1,
34147,Magalas,False,2023,Appartement,2,
34147,Magalas,False,2024,Appartement,1,
34147,Magalas,False,2025,Appartement,1,
34147,Magalas,False,2021,Maison,54,2289.24
34147,Magalas,False,2022,Maison,62,2213.38
34147,Magalas,False,2023,Maison,51,2404.02
34147,Magalas,False,2024,Maison,46,2401.97
34147,Magalas,False,2025,Maison,37,2635.34
34148,Maraussan,False,2021,Appartement,6,
34148,Maraussan,False,2022,Appartement,7,
34148,Maraussan,False,2023,Appartement,5,
34148,Maraussan,False,2024,Appartement,4,
34148,Maraussan,False,2025,Appartement,7,
34148,Maraussan,False,2021,Maison,73,2221.19
34148,Maraussan,False,2022,Maison,78,2502.5
34148,Maraussan,False,2023,Maison,50,2374.28
34148,Maraussan,False,2024,Maison,41,2362.07
34148,Maraussan,False,2025,Maison,55,2333.33
34149,Margon,False,2022,Appartement,1,
34149,Margon,False,2025,Appartement,1,
34149,Margon,False,2021,Maison,12,
34149,Margon,False,2022,Maison,16,
34149,Margon,False,2023,Maison,8,
34149,Margon,False,2024,Maison,11,
34149,Margon,False,2025,Maison,8,
34150,Marseillan,False,2021,Appartement,225,3530.3
34150,Marseillan,False,2022,Appartement,201,3750
34150,Marseillan,False,2023,Appartement,161,4197.5
34150,Marseillan,False,2024,Appartement,163,4240
34150,Marseillan,False,2025,Appartement,154,4152.3
34150,Marseillan,False,2021,Maison,223,3346.15
34150,Marseillan,False,2022,Maison,164,3654.93
34150,Marseillan,False,2023,Maison,151,3820.67
34150,Marseillan,False,2024,Maison,127,3962.26
34150,Marseillan,False,2025,Maison,118,3801.94
34151,Marsillargues,False,2021,Appartement,41,2432.43
34151,Marsillargues,False,2022,Appartement,24,
34151,Marsillargues,False,2023,Appartement,22,
34151,Marsillargues,False,2024,Appartement,18,
34151,Marsillargues,False,2025,Appartement,29,
34151,Marsillargues,False,2021,Maison,97,2416.67
34151,Marsillargues,False,2022,Maison,73,3095.24
34151,Marsillargues,False,2023,Maison,63,2954.26
34151,Marsillargues,False,2024,Maison,67,2746.7
34151,Marsillargues,False,2025,Maison,70,2894.26
34152,Mas-de-Londres,False,2021,Maison,5,
34152,Mas-de-Londres,False,2022,Maison,6,
34152,Mas-de-Londres,False,2023,Maison,3,
34152,Mas-de-Londres,False,2024,Maison,8,
34152,Mas-de-Londres,False,2025,Maison,3,
34153,Les Matelles,False,2021,Appartement,2,
34153,Les Matelles,False,2022,Appartement,2,
34153,Les Matelles,False,2023,Appartement,1,
34153,Les Matelles,False,2024,Appartement,4,
34153,Les Matelles,False,2025,Appartement,3,
34153,Les Matelles,False,2021,Maison,22,
34153,Les Matelles,False,2022,Maison,16,
34153,Les Matelles,False,2023,Maison,11,
34153,Les Matelles,False,2024,Maison,13,
34153,Les Matelles,False,2025,Maison,8,
34154,Mauguio,False,2021,Appartement,291,4211.97
34154,Mauguio,False,2022,Appartement,285,4465.52
34154,Mauguio,False,2023,Appartement,225,4726.59
34154,Mauguio,False,2024,Appartement,217,4761.9
34154,Mauguio,False,2025,Appartement,235,4586.9
34154,Mauguio,False,2021,Maison,152,4100.27
34154,Mauguio,False,2022,Maison,148,4369.38
34154,Mauguio,False,2023,Maison,121,4625
34154,Mauguio,False,2024,Maison,95,4272.81
34154,Mauguio,False,2025,Maison,141,4225
34155,Maureilhan,False,2021,Appartement,1,
34155,Maureilhan,False,2024,Appartement,1,
34155,Maureilhan,False,2025,Appartement,1,
34155,Maureilhan,False,2021,Maison,35,2260.87
34155,Maureilhan,False,2022,Maison,34,2121.66
34155,Maureilhan,False,2023,Maison,31,2403.67
34155,Maureilhan,False,2024,Maison,25,
34155,Maureilhan,False,2025,Maison,31,2498.13
34156,Mérifons,False,2021,Maison,1,
34156,Mérifons,False,2025,Maison,1,
34157,Mèze,False,2021,Appartement,85,2759.26
34157,Mèze,False,2022,Appartement,95,3255.81
34157,Mèze,False,2023,Appartement,84,3672.35
34157,Mèze,False,2024,Appartement,72,3491.15
34157,Mèze,False,2025,Appartement,67,3665.48
34157,Mèze,False,2021,Maison,156,3262.01
34157,Mèze,False,2022,Maison,139,3481.95
34157,Mèze,False,2023,Maison,105,3571.43
34157,Mèze,False,2024,Maison,109,3500
34157,Mèze,False,2025,Maison,121,3569.47
34158,Minerve,False,2021,Maison,3,
34158,Minerve,False,2022,Maison,2,
34158,Minerve,False,2024,Maison,1,
34159,Mireval,False,2021,Appartement,8,
34159,Mireval,False,2022,Appartement,11,
34159,Mireval,False,2023,Appartement,5,
34159,Mireval,False,2024,Appartement,5,
34159,Mireval,False,2025,Appartement,15,
34159,Mireval,False,2021,Maison,31,3423.42
34159,Mireval,False,2022,Maison,28,
34159,Mireval,False,2023,Maison,29,
34159,Mireval,False,2024,Maison,33,3609.38
34159,Mireval,False,2025,Maison,26,
34160,Mons,False,2021,Maison,4,
34160,Mons,False,2022,Maison,12,
34160,Mons,False,2023,Maison,4,
34160,Mons,False,2024,Maison,5,
34160,Mons,False,2025,Maison,3,
34161,Montady,False,2021,Appartement,2,
34161,Montady,False,2023,Appartement,1,
34161,Montady,False,2024,Appartement,3,
34161,Montady,False,2021,Maison,57,2177.71
34161,Montady,False,2022,Maison,49,2500
34161,Montady,False,2023,Maison,50,2477.9
34161,Montady,False,2024,Maison,31,2659.09
34161,Montady,False,2025,Maison,30,2523.4
34162,Montagnac,False,2021,Appartement,8,
34162,Montagnac,False,2022,Appartement,10,
34162,Montagnac,False,2023,Appartement,15,
34162,Montagnac,False,2024,Appartement,15,
34162,Montagnac,False,2025,Appartement,10,
34162,Montagnac,False,2021,Maison,61,1950.58
34162,Montagnac,False,2022,Maison,72,2391.18
34162,Montagnac,False,2023,Maison,57,2333.33
34162,Montagnac,False,2024,Maison,55,1956.4
34162,Montagnac,False,2025,Maison,52,2061.36
34163,Montarnaud,False,2021,Appartement,5,
34163,Montarnaud,False,2022,Appartement,6,
34163,Montarnaud,False,2023,Appartement,1,
34163,Montarnaud,False,2024,Appartement,3,
34163,Montarnaud,False,2025,Appartement,2,
34163,Montarnaud,False,2021,Maison,59,3089.89
34163,Montarnaud,False,2022,Maison,30,3662.39
34163,Montarnaud,False,2023,Maison,37,3395.69
34163,Montarnaud,False,2024,Maison,19,
34163,Montarnaud,False,2025,Maison,30,3339.58
34164,Montaud,False,2021,Appartement,1,
34164,Montaud,False,2021,Maison,12,
34164,Montaud,False,2022,Maison,9,
34164,Montaud,False,2023,Maison,3,
34164,Montaud,False,2024,Maison,4,
34164,Montaud,False,2025,Maison,5,
34165,Montbazin,False,2021,Appartement,10,
34165,Montbazin,False,2022,Appartement,13,
34165,Montbazin,False,2023,Appartement,8,
34165,Montbazin,False,2024,Appartement,7,
34165,Montbazin,False,2025,Appartement,4,
34165,Montbazin,False,2021,Maison,36,2692.95
34165,Montbazin,False,2022,Maison,35,3104.85
34165,Montbazin,False,2023,Maison,21,
34165,Montbazin,False,2024,Maison,20,
34165,Montbazin,False,2025,Maison,23,
34166,Montblanc,False,2021,Appartement,3,
34166,Montblanc,False,2022,Appartement,3,
34166,Montblanc,False,2023,Appartement,5,
34166,Montblanc,False,2024,Appartement,2,
34166,Montblanc,False,2025,Appartement,1,
34166,Montblanc,False,2021,Maison,54,2227.26
34166,Montblanc,False,2022,Maison,60,2352.97
34166,Montblanc,False,2023,Maison,48,2457.81
34166,Montblanc,False,2024,Maison,36,2707.11
34166,Montblanc,False,2025,Maison,42,2268.73
34167,Montels,False,2021,Maison,2,
34167,Montels,False,2022,Maison,2,
34167,Montels,False,2023,Maison,6,
34167,Montels,False,2024,Maison,1,
34167,Montels,False,2025,Maison,4,
34168,Montesquieu,False,2022,Maison,2,
34168,Montesquieu,False,2023,Maison,3,
34168,Montesquieu,False,2024,Maison,2,
34168,Montesquieu,False,2025,Maison,4,
34169,Montferrier-sur-Lez,False,2021,Appartement,6,
34169,Montferrier-sur-Lez,False,2022,Appartement,12,
34169,Montferrier-sur-Lez,False,2023,Appartement,10,
34169,Montferrier-sur-Lez,False,2024,Appartement,9,
34169,Montferrier-sur-Lez,False,2025,Appartement,16,
34169,Montferrier-sur-Lez,False,2021,Maison,50,4266.19
34169,Montferrier-sur-Lez,False,2022,Maison,38,5079.85
34169,Montferrier-sur-Lez,False,2023,Maison,29,
34169,Montferrier-sur-Lez,False,2024,Maison,29,
34169,Montferrier-sur-Lez,False,2025,Maison,17,
34170,Montouliers,False,2021,Maison,4,
34170,Montouliers,False,2022,Maison,7,
34170,Montouliers,False,2023,Maison,9,
34170,Montouliers,False,2024,Maison,6,
34170,Montouliers,False,2025,Maison,5,
34171,Montoulieu,False,2025,Maison,1,
34172,Montpellier,True,2021,Appartement,4905,3174.79
34172,Montpellier,True,2022,Appartement,5004,3403.93
34172,Montpellier,True,2023,Appartement,4012,3462.96
34172,Montpellier,True,2024,Appartement,3456,3333.33
34172,Montpellier,True,2025,Appartement,3976,3424.83
34172,Montpellier,True,2021,Maison,584,3667.4
34172,Montpellier,True,2022,Maison,547,4007.41
34172,Montpellier,True,2023,Maison,447,4088.46
34172,Montpellier,True,2024,Maison,396,4030.41
34172,Montpellier,True,2025,Maison,455,3809.13
34173,Montpeyroux,False,2021,Appartement,3,
34173,Montpeyroux,False,2025,Appartement,1,
34173,Montpeyroux,False,2021,Maison,21,
34173,Montpeyroux,False,2022,Maison,14,
34173,Montpeyroux,False,2023,Maison,14,
34173,Montpeyroux,False,2024,Maison,7,
34173,Montpeyroux,False,2025,Maison,17,
34174,Moulès-et-Baucels,False,2021,Maison,11,
34174,Moulès-et-Baucels,False,2022,Maison,8,
34174,Moulès-et-Baucels,False,2023,Maison,7,
34174,Moulès-et-Baucels,False,2024,Maison,6,
34174,Moulès-et-Baucels,False,2025,Maison,4,
34175,Mourèze,False,2022,Maison,3,
34175,Mourèze,False,2023,Maison,2,
34175,Mourèze,False,2025,Maison,1,
34176,Mudaison,False,2021,Appartement,9,
34176,Mudaison,False,2022,Appartement,7,
34176,Mudaison,False,2023,Appartement,1,
34176,Mudaison,False,2024,Appartement,2,
34176,Mudaison,False,2025,Appartement,3,
34176,Mudaison,False,2021,Maison,41,3421.05
34176,Mudaison,False,2022,Maison,26,
34176,Mudaison,False,2023,Maison,25,
34176,Mudaison,False,2024,Maison,20,
34176,Mudaison,False,2025,Maison,23,
34177,Murles,False,2023,Appartement,1,
34177,Murles,False,2021,Maison,3,
34177,Murles,False,2022,Maison,5,
34177,Murles,False,2024,Maison,3,
34177,Murles,False,2025,Maison,3,
34178,Murviel-lès-Béziers,False,2021,Appartement,1,
34178,Murviel-lès-Béziers,False,2022,Appartement,1,
34178,Murviel-lès-Béziers,False,2023,Appartement,4,
34178,Murviel-lès-Béziers,False,2025,Appartement,2,
34178,Murviel-lès-Béziers,False,2021,Maison,45,1956.52
34178,Murviel-lès-Béziers,False,2022,Maison,44,2187.09
34178,Murviel-lès-Béziers,False,2023,Maison,41,1505.33
34178,Murviel-lès-Béziers,False,2024,Maison,39,2190.48
34178,Murviel-lès-Béziers,False,2025,Maison,44,1960
34179,Murviel-lès-Montpellier,False,2021,Appartement,1,
34179,Murviel-lès-Montpellier,False,2022,Appartement,2,
34179,Murviel-lès-Montpellier,False,2023,Appartement,2,
34179,Murviel-lès-Montpellier,False,2024,Appartement,1,
34179,Murviel-lès-Montpellier,False,2025,Appartement,2,
34179,Murviel-lès-Montpellier,False,2021,Maison,22,
34179,Murviel-lès-Montpellier,False,2022,Maison,21,
34179,Murviel-lès-Montpellier,False,2023,Maison,14,
34179,Murviel-lès-Montpellier,False,2024,Maison,7,
34179,Murviel-lès-Montpellier,False,2025,Maison,17,
34180,Nébian,False,2021,Appartement,3,
34180,Nébian,False,2022,Appartement,1,
34180,Nébian,False,2023,Appartement,1,
34180,Nébian,False,2024,Appartement,3,
34180,Nébian,False,2025,Appartement,3,
34180,Nébian,False,2021,Maison,24,
34180,Nébian,False,2022,Maison,23,
34180,Nébian,False,2023,Maison,18,
34180,Nébian,False,2024,Maison,19,
34180,Nébian,False,2025,Maison,19,
34181,Neffiès,False,2024,Appartement,1,
34181,Neffiès,False,2021,Maison,25,
34181,Neffiès,False,2022,Maison,24,
34181,Neffiès,False,2023,Maison,24,
34181,Neffiès,False,2024,Maison,19,
34181,Neffiès,False,2025,Maison,16,
34182,Nézignan-l'Évêque,False,2022,Appartement,1,
34182,Nézignan-l'Évêque,False,2023,Appartement,1,
34182,Nézignan-l'Évêque,False,2024,Appartement,2,
34182,Nézignan-l'Évêque,False,2025,Appartement,3,
34182,Nézignan-l'Évêque,False,2021,Maison,39,2630.74
34182,Nézignan-l'Évêque,False,2022,Maison,27,
34182,Nézignan-l'Évêque,False,2023,Maison,26,
34182,Nézignan-l'Évêque,False,2024,Maison,19,
34182,Nézignan-l'Évêque,False,2025,Maison,24,
34183,Nissan-lez-Enserune,False,2021,Appartement,1,
34183,Nissan-lez-Enserune,False,2022,Appartement,1,
34183,Nissan-lez-Enserune,False,2023,Appartement,7,
34183,Nissan-lez-Enserune,False,2024,Appartement,2,
34183,Nissan-lez-Enserune,False,2025,Appartement,7,
34183,Nissan-lez-Enserune,False,2021,Maison,67,1884.42
34183,Nissan-lez-Enserune,False,2022,Maison,70,2178.04
34183,Nissan-lez-Enserune,False,2023,Maison,57,1893.87
34183,Nissan-lez-Enserune,False,2024,Maison,51,2156.93
34183,Nissan-lez-Enserune,False,2025,Maison,52,2420.99
34184,Nizas,False,2021,Maison,7,
34184,Nizas,False,2022,Maison,13,
34184,Nizas,False,2023,Maison,10,
34184,Nizas,False,2024,Maison,14,
34184,Nizas,False,2025,Maison,11,
34185,Notre-Dame-de-Londres,False,2022,Appartement,1,
34185,Notre-Dame-de-Londres,False,2021,Maison,3,
34185,Notre-Dame-de-Londres,False,2022,Maison,2,
34185,Notre-Dame-de-Londres,False,2023,Maison,5,
34185,Notre-Dame-de-Londres,False,2024,Maison,5,
34185,Notre-Dame-de-Londres,False,2025,Maison,3,
34186,Octon,False,2021,Appartement,1,
34186,Octon,False,2021,Maison,4,
34186,Octon,False,2022,Maison,5,
34186,Octon,False,2023,Maison,5,
34186,Octon,False,2024,Maison,3,
34186,Octon,False,2025,Maison,9,
34187,Olargues,False,2021,Maison,10,
34187,Olargues,False,2022,Maison,6,
34187,Olargues,False,2023,Maison,5,
34187,Olargues,False,2024,Maison,5,
34187,Olargues,False,2025,Maison,9,
34188,Olmet-et-Villecun,False,2021,Maison,3,
34188,Olmet-et-Villecun,False,2022,Maison,4,
34188,Olmet-et-Villecun,False,2023,Maison,2,
34188,Olmet-et-Villecun,False,2024,Maison,2,
34188,Olmet-et-Villecun,False,2025,Maison,3,
34189,Olonzac,False,2022,Appartement,5,
34189,Olonzac,False,2023,Appartement,1,
34189,Olonzac,False,2021,Maison,25,
34189,Olonzac,False,2022,Maison,28,
34189,Olonzac,False,2023,Maison,26,
34189,Olonzac,False,2024,Maison,27,
34189,Olonzac,False,2025,Maison,25,
34190,Oupia,False,2021,Maison,6,
34190,Oupia,False,2022,Maison,6,
34190,Oupia,False,2023,Maison,1,
34190,Oupia,False,2024,Maison,5,
34190,Oupia,False,2025,Maison,6,
34191,Pailhès,False,2021,Maison,10,
34191,Pailhès,False,2022,Maison,13,
34191,Pailhès,False,2023,Maison,4,
34191,Pailhès,False,2024,Maison,2,
34191,Pailhès,False,2025,Maison,10,
34192,Palavas-les-Flots,False,2021,Appartement,292,4800
34192,Palavas-les-Flots,False,2022,Appartement,286,5246.52
34192,Palavas-les-Flots,False,2023,Appartement,192,5190.75
34192,Palavas-les-Flots,False,2024,Appartement,188,5155.87
34192,Palavas-les-Flots,False,2025,Appartement,226,4894.87
34192,Palavas-les-Flots,False,2021,Maison,44,4548.38
34192,Palavas-les-Flots,False,2022,Maison,36,4918.5
34192,Palavas-les-Flots,False,2023,Maison,17,
34192,Palavas-les-Flots,False,2024,Maison,30,4806.57
34192,Palavas-les-Flots,False,2025,Maison,41,5108.55
34193,Pardailhan,False,2021,Maison,6,
34193,Pardailhan,False,2022,Maison,5,
34193,Pardailhan,False,2023,Maison,6,
34193,Pardailhan,False,2024,Maison,9,
34194,Paulhan,False,2021,Appartement,2,
34194,Paulhan,False,2022,Appartement,2,
34194,Paulhan,False,2023,Appartement,6,
34194,Paulhan,False,2024,Appartement,5,
34194,Paulhan,False,2025,Appartement,1,
34194,Paulhan,False,2021,Maison,66,2494.3
34194,Paulhan,False,2022,Maison,66,2384.89
34194,Paulhan,False,2023,Maison,58,2457.14
34194,Paulhan,False,2024,Maison,48,2453.01
34194,Paulhan,False,2025,Maison,57,2533.33
34195,Pégairolles-de-Buèges,False,2022,Maison,1,
34195,Pégairolles-de-Buèges,False,2023,Maison,2,
34195,Pégairolles-de-Buèges,False,2024,Maison,2,
34195,Pégairolles-de-Buèges,False,2025,Maison,2,
34196,Pégairolles-de-l'Escalette,False,2021,Maison,2,
34196,Pégairolles-de-l'Escalette,False,2022,Maison,5,
34196,Pégairolles-de-l'Escalette,False,2023,Maison,2,
34196,Pégairolles-de-l'Escalette,False,2024,Maison,4,
34196,Pégairolles-de-l'Escalette,False,2025,Maison,1,
34197,Péret,False,2021,Appartement,5,
34197,Péret,False,2022,Appartement,1,
34197,Péret,False,2024,Appartement,1,
34197,Péret,False,2025,Appartement,7,
34197,Péret,False,2021,Maison,15,
34197,Péret,False,2022,Maison,18,
34197,Péret,False,2023,Maison,12,
34197,Péret,False,2024,Maison,13,
34197,Péret,False,2025,Maison,17,
34198,Pérols,False,2021,Appartement,30,4128.3
34198,Pérols,False,2022,Appartement,32,4412.8
34198,Pérols,False,2023,Appartement,26,
34198,Pérols,False,2024,Appartement,24,
34198,Pérols,False,2025,Appartement,30,4254.63
34198,Pérols,False,2021,Maison,91,4429.41
34198,Pérols,False,2022,Maison,116,4677.25
34198,Pérols,False,2023,Maison,85,4857.95
34198,Pérols,False,2024,Maison,90,4498.14
34198,Pérols,False,2025,Maison,86,4694.82
34199,Pézenas,False,2021,Appartement,49,1720
34199,Pézenas,False,2022,Appartement,48,1888.2
34199,Pézenas,False,2023,Appartement,56,1864.44
34199,Pézenas,False,2024,Appartement,49,1923.08
34199,Pézenas,False,2025,Appartement,59,2096.77
34199,Pézenas,False,2021,Maison,84,2516.39
34199,Pézenas,False,2022,Maison,98,2728.7
34199,Pézenas,False,2023,Maison,60,2778.64
34199,Pézenas,False,2024,Maison,53,2569.15
34199,Pézenas,False,2025,Maison,73,2602.65
34200,Pézènes-les-Mines,False,2021,Maison,5,
34200,Pézènes-les-Mines,False,2022,Maison,4,
34200,Pézènes-les-Mines,False,2023,Maison,4,
34200,Pézènes-les-Mines,False,2024,Maison,2,
34200,Pézènes-les-Mines,False,2025,Maison,4,
34201,Pierrerue,False,2021,Maison,2,
34201,Pierrerue,False,2022,Maison,8,
34201,Pierrerue,False,2023,Maison,4,
34201,Pierrerue,False,2024,Maison,3,
34201,Pierrerue,False,2025,Maison,7,
34202,Pignan,False,2021,Appartement,43,3170.39
34202,Pignan,False,2022,Appartement,41,3484.85
34202,Pignan,False,2023,Appartement,22,
34202,Pignan,False,2024,Appartement,20,
34202,Pignan,False,2025,Appartement,24,
34202,Pignan,False,2021,Maison,75,3362.07
34202,Pignan,False,2022,Maison,68,3702.64
34202,Pignan,False,2023,Maison,58,3834.53
34202,Pignan,False,2024,Maison,44,3743.23
34202,Pignan,False,2025,Maison,78,3639.85
34203,Pinet,False,2024,Appartement,1,
34203,Pinet,False,2025,Appartement,2,
34203,Pinet,False,2021,Maison,31,2348.84
34203,Pinet,False,2022,Maison,29,
34203,Pinet,False,2023,Maison,16,
34203,Pinet,False,2024,Maison,13,
34203,Pinet,False,2025,Maison,27,
34204,Plaissan,False,2021,Appartement,1,
34204,Plaissan,False,2022,Appartement,1,
34204,Plaissan,False,2023,Appartement,2,
34204,Plaissan,False,2021,Maison,27,
34204,Plaissan,False,2022,Maison,30,3105.56
34204,Plaissan,False,2023,Maison,21,
34204,Plaissan,False,2024,Maison,21,
34204,Plaissan,False,2025,Maison,10,
34205,Les Plans,False,2021,Maison,7,
34205,Les Plans,False,2022,Maison,4,
34205,Les Plans,False,2024,Maison,2,
34205,Les Plans,False,2025,Maison,1,
34206,Poilhes,False,2021,Appartement,1,
34206,Poilhes,False,2022,Appartement,1,
34206,Poilhes,False,2023,Appartement,1,
34206,Poilhes,False,2021,Maison,5,
34206,Poilhes,False,2022,Maison,10,
34206,Poilhes,False,2023,Maison,7,
34206,Poilhes,False,2024,Maison,4,
34206,Poilhes,False,2025,Maison,5,
34207,Pomérols,False,2021,Appartement,1,
34207,Pomérols,False,2022,Appartement,4,
34207,Pomérols,False,2024,Appartement,1,
34207,Pomérols,False,2025,Appartement,3,
34207,Pomérols,False,2021,Maison,76,2500
34207,Pomérols,False,2022,Maison,78,2537.44
34207,Pomérols,False,2023,Maison,49,2842.58
34207,Pomérols,False,2024,Maison,50,2695.03
34207,Pomérols,False,2025,Maison,45,2784.62
34208,Popian,False,2021,Maison,8,
34208,Popian,False,2022,Maison,6,
34208,Popian,False,2023,Maison,3,
34208,Popian,False,2024,Maison,5,
34208,Popian,False,2025,Maison,4,
34209,Portiragnes,False,2021,Appartement,19,
34209,Portiragnes,False,2022,Appartement,22,
34209,Portiragnes,False,2023,Appartement,15,
34209,Portiragnes,False,2024,Appartement,14,
34209,Portiragnes,False,2025,Appartement,20,
34209,Portiragnes,False,2021,Maison,117,3340
34209,Portiragnes,False,2022,Maison,145,3400
34209,Portiragnes,False,2023,Maison,112,3550.86
34209,Portiragnes,False,2024,Maison,82,3588.89
34209,Portiragnes,False,2025,Maison,100,3562.1
34210,Le Pouget,False,2021,Appartement,6,
34210,Le Pouget,False,2022,Appartement,5,
34210,Le Pouget,False,2023,Appartement,2,
34210,Le Pouget,False,2024,Appartement,1,
34210,Le Pouget,False,2021,Maison,35,2570
34210,Le Pouget,False,2022,Maison,33,2566.89
34210,Le Pouget,False,2023,Maison,28,
34210,Le Pouget,False,2024,Maison,19,
34210,Le Pouget,False,2025,Maison,25,
34211,Le Poujol-sur-Orb,False,2021,Appartement,1,
34211,Le Poujol-sur-Orb,False,2022,Appartement,1,
34211,Le Poujol-sur-Orb,False,2024,Appartement,1,
34211,Le Poujol-sur-Orb,False,2021,Maison,17,
34211,Le Poujol-sur-Orb,False,2022,Maison,15,
34211,Le Poujol-sur-Orb,False,2023,Maison,11,
34211,Le Poujol-sur-Orb,False,2024,Maison,9,
34211,Le Poujol-sur-Orb,False,2025,Maison,19,
34212,Poujols,False,2021,Maison,1,
34212,Poujols,False,2022,Maison,3,
34212,Poujols,False,2023,Maison,2,
34212,Poujols,False,2024,Maison,3,
34212,Poujols,False,2025,Maison,2,
34213,Poussan,False,2021,Appartement,24,
34213,Poussan,False,2022,Appartement,33,2746.25
34213,Poussan,False,2023,Appartement,22,
34213,Poussan,False,2024,Appartement,24,
34213,Poussan,False,2025,Appartement,21,
34213,Poussan,False,2021,Maison,84,3219.67
34213,Poussan,False,2022,Maison,74,3686.78
34213,Poussan,False,2023,Maison,47,3580.77
34213,Poussan,False,2024,Maison,47,3226.89
34213,Poussan,False,2025,Maison,54,3114.7
34214,Pouzolles,False,2021,Appartement,1,
34214,Pouzolles,False,2022,Appartement,1,
34214,Pouzolles,False,2023,Appartement,1,
34214,Pouzolles,False,2025,Appartement,1,
34214,Pouzolles,False,2021,Maison,27,
34214,Pouzolles,False,2022,Maison,34,2110.15
34214,Pouzolles,False,2023,Maison,16,
34214,Pouzolles,False,2024,Maison,18,
34214,Pouzolles,False,2025,Maison,24,
34215,Pouzols,False,2021,Appartement,1,
34215,Pouzols,False,2022,Appartement,2,
34215,Pouzols,False,2023,Appartement,1,
34215,Pouzols,False,2024,Appartement,1,
34215,Pouzols,False,2021,Maison,8,
34215,Pouzols,False,2022,Maison,6,
34215,Pouzols,False,2023,Maison,8,
34215,Pouzols,False,2024,Maison,8,
34215,Pouzols,False,2025,Maison,7,
34216,Le Pradal,False,2021,Maison,1,
34216,Le Pradal,False,2022,Maison,2,
34216,Le Pradal,False,2023,Maison,5,
34216,Le Pradal,False,2024,Maison,3,
34216,Le Pradal,False,2025,Maison,3,
34217,Prades-le-Lez,False,2021,Appartement,25,
34217,Prades-le-Lez,False,2022,Appartement,20,
34217,Prades-le-Lez,False,2023,Appartement,21,
34217,Prades-le-Lez,False,2024,Appartement,11,
34217,Prades-le-Lez,False,2025,Appartement,21,
34217,Prades-le-Lez,False,2021,Maison,71,4056.6
34217,Prades-le-Lez,False,2022,Maison,66,4105.98
34217,Prades-le-Lez,False,2023,Maison,40,4368.25
34217,Prades-le-Lez,False,2024,Maison,33,4417.72
34217,Prades-le-Lez,False,2025,Maison,41,3878.5
34218,Prades-sur-Vernazobre,False,2021,Maison,7,
34218,Prades-sur-Vernazobre,False,2022,Maison,5,
34218,Prades-sur-Vernazobre,False,2023,Maison,5,
34218,Prades-sur-Vernazobre,False,2024,Maison,4,
34218,Prades-sur-Vernazobre,False,2025,Maison,3,
34219,Prémian,False,2021,Maison,7,
34219,Prémian,False,2022,Maison,14,
34219,Prémian,False,2023,Maison,12,
34219,Prémian,False,2024,Maison,4,
34219,Prémian,False,2025,Maison,7,
34220,Le Puech,False,2021,Maison,2,
34220,Le Puech,False,2022,Maison,1,
34220,Le Puech,False,2023,Maison,1,
34220,Le Puech,False,2024,Maison,2,
34220,Le Puech,False,2025,Maison,2,
34221,Puéchabon,False,2024,Appartement,1,
34221,Puéchabon,False,2021,Maison,10,
34221,Puéchabon,False,2022,Maison,2,
34221,Puéchabon,False,2023,Maison,7,
34221,Puéchabon,False,2024,Maison,5,
34221,Puéchabon,False,2025,Maison,4,
34222,Puilacher,False,2021,Maison,7,
34222,Puilacher,False,2022,Maison,6,
34222,Puilacher,False,2023,Maison,5,
34222,Puilacher,False,2024,Maison,4,
34222,Puilacher,False,2025,Maison,6,
34223,Puimisson,False,2021,Appartement,1,
34223,Puimisson,False,2022,Appartement,1,
34223,Puimisson,False,2021,Maison,22,
34223,Puimisson,False,2022,Maison,25,
34223,Puimisson,False,2023,Maison,19,
34223,Puimisson,False,2024,Maison,15,
34223,Puimisson,False,2025,Maison,11,
34224,Puissalicon,False,2021,Appartement,1,
34224,Puissalicon,False,2022,Appartement,2,
34224,Puissalicon,False,2023,Appartement,3,
34224,Puissalicon,False,2024,Appartement,2,
34224,Puissalicon,False,2025,Appartement,1,
34224,Puissalicon,False,2021,Maison,31,2284.55
34224,Puissalicon,False,2022,Maison,34,2325.61
34224,Puissalicon,False,2023,Maison,19,
34224,Puissalicon,False,2024,Maison,15,
34224,Puissalicon,False,2025,Maison,21,
34225,Puisserguier,False,2021,Appartement,2,
34225,Puisserguier,False,2022,Appartement,2,
34225,Puisserguier,False,2023,Appartement,2,
34225,Puisserguier,False,2024,Appartement,7,
34225,Puisserguier,False,2025,Appartement,1,
34225,Puisserguier,False,2021,Maison,53,1780.7
34225,Puisserguier,False,2022,Maison,45,1735.14
34225,Puisserguier,False,2023,Maison,53,1885.96
34225,Puisserguier,False,2024,Maison,40,1658.08
34225,Puisserguier,False,2025,Maison,46,1711.11
34226,Quarante,False,2024,Appartement,1,
34226,Quarante,False,2021,Maison,32,1700.81
34226,Quarante,False,2022,Maison,26,
34226,Quarante,False,2023,Maison,30,1606.92
34226,Quarante,False,2024,Maison,23,
34226,Quarante,False,2025,Maison,18,
34227,Restinclières,False,2021,Appartement,4,
34227,Restinclières,False,2022,Appartement,3,
34227,Restinclières,False,2023,Appartement,5,
34227,Restinclières,False,2024,Appartement,3,
34227,Restinclières,False,2025,Appartement,6,
34227,Restinclières,False,2021,Maison,33,3500
34227,Restinclières,False,2022,Maison,24,
34227,Restinclières,False,2023,Maison,25,
34227,Restinclières,False,2024,Maison,15,
34227,Restinclières,False,2025,Maison,17,
34228,Rieussec,False,2021,Maison,1,
34228,Rieussec,False,2022,Maison,1,
34228,Rieussec,False,2023,Maison,1,
34228,Rieussec,False,2024,Maison,1,
34228,Rieussec,False,2025,Maison,2,
34229,Riols,False,2021,Maison,10,
34229,Riols,False,2022,Maison,14,
34229,Riols,False,2023,Maison,9,
34229,Riols,False,2024,Maison,10,
34229,Riols,False,2025,Maison,11,
34230,Les Rives,False,2021,Maison,2,
34230,Les Rives,False,2022,Maison,2,
34230,Les Rives,False,2023,Maison,4,
34230,Les Rives,False,2024,Maison,2,
34231,Romiguières,False,2022,Maison,2,
34232,Roquebrun,False,2025,Appartement,2,
34232,Roquebrun,False,2021,Maison,16,
34232,Roquebrun,False,2022,Maison,6,
34232,Roquebrun,False,2023,Maison,13,
34232,Roquebrun,False,2024,Maison,14,
34232,Roquebrun,False,2025,Maison,13,
34233,Roqueredonde,False,2021,Maison,2,
34233,Roqueredonde,False,2022,Maison,2,
34233,Roqueredonde,False,2023,Maison,3,
34233,Roqueredonde,False,2024,Maison,2,
34234,Roquessels,False,2021,Maison,5,
34234,Roquessels,False,2022,Maison,3,
34234,Roquessels,False,2023,Maison,6,
34234,Roquessels,False,2024,Maison,4,
34234,Roquessels,False,2025,Maison,1,
34235,Rosis,False,2021,Maison,8,
34235,Rosis,False,2022,Maison,4,
34235,Rosis,False,2023,Maison,9,
34235,Rosis,False,2024,Maison,5,
34235,Rosis,False,2025,Maison,3,
34236,Rouet,False,2021,Appartement,1,
34236,Rouet,False,2023,Appartement,1,
34236,Rouet,False,2023,Maison,1,
34236,Rouet,False,2024,Maison,1,
34237,Roujan,False,2021,Appartement,2,
34237,Roujan,False,2022,Appartement,1,
34237,Roujan,False,2023,Appartement,3,
34237,Roujan,False,2024,Appartement,2,
34237,Roujan,False,2025,Appartement,1,
34237,Roujan,False,2021,Maison,53,2359.17
34237,Roujan,False,2022,Maison,60,2379.95
34237,Roujan,False,2023,Maison,43,2240.61
34237,Roujan,False,2024,Maison,36,2382.09
34237,Roujan,False,2025,Maison,42,2479.68
34238,Saint-André-de-Buèges,False,2021,Maison,1,
34238,Saint-André-de-Buèges,False,2022,Maison,1,
34239,Saint-André-de-Sangonis,False,2021,Appartement,14,
34239,Saint-André-de-Sangonis,False,2022,Appartement,15,
34239,Saint-André-de-Sangonis,False,2023,Appartement,14,
34239,Saint-André-de-Sangonis,False,2024,Appartement,13,
34239,Saint-André-de-Sangonis,False,2025,Appartement,9,
34239,Saint-André-de-Sangonis,False,2021,Maison,96,2487.42
34239,Saint-André-de-Sangonis,False,2022,Maison,73,2901.79
34239,Saint-André-de-Sangonis,False,2023,Maison,57,3074.04
34239,Saint-André-de-Sangonis,False,2024,Maison,47,2614
34239,Saint-André-de-Sangonis,False,2025,Maison,54,2804.66
34240,Saint-Aunès,False,2021,Appartement,8,
34240,Saint-Aunès,False,2022,Appartement,11,
34240,Saint-Aunès,False,2023,Appartement,13,
34240,Saint-Aunès,False,2024,Appartement,21,
34240,Saint-Aunès,False,2025,Appartement,22,
34240,Saint-Aunès,False,2021,Maison,35,3861.79
34240,Saint-Aunès,False,2022,Maison,37,4518.85
34240,Saint-Aunès,False,2023,Maison,28,
34240,Saint-Aunès,False,2024,Maison,20,
34240,Saint-Aunès,False,2025,Maison,54,3900.89
34241,Saint-Bauzille-de-la-Sylve,False,2022,Appartement,1,
34241,Saint-Bauzille-de-la-Sylve,False,2024,Appartement,1,
34241,Saint-Bauzille-de-la-Sylve,False,2021,Maison,7,
34241,Saint-Bauzille-de-la-Sylve,False,2022,Maison,13,
34241,Saint-Bauzille-de-la-Sylve,False,2023,Maison,10,
34241,Saint-Bauzille-de-la-Sylve,False,2024,Maison,4,
34241,Saint-Bauzille-de-la-Sylve,False,2025,Maison,10,
34242,Saint-Bauzille-de-Montmel,False,2024,Appartement,1,
34242,Saint-Bauzille-de-Montmel,False,2021,Maison,19,
34242,Saint-Bauzille-de-Montmel,False,2022,Maison,16,
34242,Saint-Bauzille-de-Montmel,False,2023,Maison,4,
34242,Saint-Bauzille-de-Montmel,False,2024,Maison,8,
34242,Saint-Bauzille-de-Montmel,False,2025,Maison,9,
34243,Saint-Bauzille-de-Putois,False,2024,Appartement,1,
34243,Saint-Bauzille-de-Putois,False,2025,Appartement,3,
34243,Saint-Bauzille-de-Putois,False,2021,Maison,26,
34243,Saint-Bauzille-de-Putois,False,2022,Maison,24,
34243,Saint-Bauzille-de-Putois,False,2023,Maison,15,
34243,Saint-Bauzille-de-Putois,False,2024,Maison,12,
34243,Saint-Bauzille-de-Putois,False,2025,Maison,21,
34244,Saint-Brès,False,2021,Appartement,17,
34244,Saint-Brès,False,2022,Appartement,25,
34244,Saint-Brès,False,2023,Appartement,19,
34244,Saint-Brès,False,2024,Appartement,10,
34244,Saint-Brès,False,2025,Appartement,65,2773.77
34244,Saint-Brès,False,2021,Maison,34,3669.94
34244,Saint-Brès,False,2022,Maison,25,
34244,Saint-Brès,False,2023,Maison,24,
34244,Saint-Brès,False,2024,Maison,21,
34244,Saint-Brès,False,2025,Maison,21,
34245,Saint-Chinian,False,2022,Appartement,1,
34245,Saint-Chinian,False,2023,Appartement,1,
34245,Saint-Chinian,False,2024,Appartement,2,
34245,Saint-Chinian,False,2021,Maison,33,1440
34245,Saint-Chinian,False,2022,Maison,35,1855
34245,Saint-Chinian,False,2023,Maison,24,
34245,Saint-Chinian,False,2024,Maison,29,
34245,Saint-Chinian,False,2025,Maison,27,
34246,Entre-Vignes,False,2021,Appartement,4,
34246,Entre-Vignes,False,2022,Appartement,2,
34246,Entre-Vignes,False,2023,Appartement,2,
34246,Entre-Vignes,False,2025,Appartement,1,
34246,Entre-Vignes,False,2021,Maison,30,2919.78
34246,Entre-Vignes,False,2022,Maison,14,
34246,Entre-Vignes,False,2023,Maison,19,
34246,Entre-Vignes,False,2024,Maison,8,
34246,Entre-Vignes,False,2025,Maison,19,
34247,Saint-Clément-de-Rivière,False,2021,Appartement,8,
34247,Saint-Clément-de-Rivière,False,2022,Appartement,6,
34247,Saint-Clément-de-Rivière,False,2023,Appartement,4,
34247,Saint-Clément-de-Rivière,False,2024,Appartement,6,
34247,Saint-Clément-de-Rivière,False,2025,Appartement,9,
34247,Saint-Clément-de-Rivière,False,2021,Maison,60,3944.43
34247,Saint-Clément-de-Rivière,False,2022,Maison,44,4625.87
34247,Saint-Clément-de-Rivière,False,2023,Maison,39,4561.4
34247,Saint-Clément-de-Rivière,False,2024,Maison,28,
34247,Saint-Clément-de-Rivière,False,2025,Maison,41,4183.67
34248,Sainte-Croix-de-Quintillargues,False,2021,Maison,11,
34248,Sainte-Croix-de-Quintillargues,False,2022,Maison,5,
34248,Sainte-Croix-de-Quintillargues,False,2023,Maison,5,
34248,Sainte-Croix-de-Quintillargues,False,2024,Maison,4,
34248,Sainte-Croix-de-Quintillargues,False,2025,Maison,4,
34249,Saint-Drézéry,False,2021,Appartement,4,
34249,Saint-Drézéry,False,2022,Appartement,4,
34249,Saint-Drézéry,False,2023,Appartement,2,
34249,Saint-Drézéry,False,2024,Appartement,2,
34249,Saint-Drézéry,False,2025,Appartement,4,
34249,Saint-Drézéry,False,2021,Maison,35,3382.86
34249,Saint-Drézéry,False,2022,Maison,36,4142.69
34249,Saint-Drézéry,False,2023,Maison,21,
34249,Saint-Drézéry,False,2024,Maison,22,
34249,Saint-Drézéry,False,2025,Maison,21,
34250,Saint-Étienne-d'Albagnan,False,2021,Maison,5,
34250,Saint-Étienne-d'Albagnan,False,2022,Maison,6,
34250,Saint-Étienne-d'Albagnan,False,2023,Maison,5,
34250,Saint-Étienne-d'Albagnan,False,2024,Maison,9,
34250,Saint-Étienne-d'Albagnan,False,2025,Maison,2,
34251,Saint-Étienne-de-Gourgas,False,2023,Appartement,1,
34251,Saint-Étienne-de-Gourgas,False,2021,Maison,8,
34251,Saint-Étienne-de-Gourgas,False,2022,Maison,5,
34251,Saint-Étienne-de-Gourgas,False,2023,Maison,5,
34251,Saint-Étienne-de-Gourgas,False,2024,Maison,9,
34251,Saint-Étienne-de-Gourgas,False,2025,Maison,5,
34252,Saint-Étienne-Estréchoux,False,2021,Appartement,1,
34252,Saint-Étienne-Estréchoux,False,2022,Appartement,1,
34252,Saint-Étienne-Estréchoux,False,2025,Appartement,1,
34252,Saint-Étienne-Estréchoux,False,2021,Maison,5,
34252,Saint-Étienne-Estréchoux,False,2022,Maison,7,
34252,Saint-Étienne-Estréchoux,False,2023,Maison,2,
34252,Saint-Étienne-Estréchoux,False,2024,Maison,11,
34252,Saint-Étienne-Estréchoux,False,2025,Maison,4,
34254,Saint-Félix-de-Lodez,False,2021,Appartement,1,
34254,Saint-Félix-de-Lodez,False,2022,Appartement,1,
34254,Saint-Félix-de-Lodez,False,2023,Appartement,1,
34254,Saint-Félix-de-Lodez,False,2025,Appartement,2,
34254,Saint-Félix-de-Lodez,False,2021,Maison,12,
34254,Saint-Félix-de-Lodez,False,2022,Maison,23,
34254,Saint-Félix-de-Lodez,False,2023,Maison,11,
34254,Saint-Félix-de-Lodez,False,2024,Maison,4,
34254,Saint-Félix-de-Lodez,False,2025,Maison,9,
34255,Saint-Gély-du-Fesc,False,2021,Appartement,18,
34255,Saint-Gély-du-Fesc,False,2022,Appartement,28,
34255,Saint-Gély-du-Fesc,False,2023,Appartement,23,
34255,Saint-Gély-du-Fesc,False,2024,Appartement,17,
34255,Saint-Gély-du-Fesc,False,2025,Appartement,16,
34255,Saint-Gély-du-Fesc,False,2021,Maison,128,3905.15
34255,Saint-Gély-du-Fesc,False,2022,Maison,115,4237.37
34255,Saint-Gély-du-Fesc,False,2023,Maison,85,4484.13
34255,Saint-Gély-du-Fesc,False,2024,Maison,81,4169.92
34255,Saint-Gély-du-Fesc,False,2025,Maison,67,4350
34256,Saint-Geniès-des-Mourgues,False,2021,Appartement,1,
34256,Saint-Geniès-des-Mourgues,False,2022,Appartement,2,
34256,Saint-Geniès-des-Mourgues,False,2023,Appartement,2,
34256,Saint-Geniès-des-Mourgues,False,2024,Appartement,1,
34256,Saint-Geniès-des-Mourgues,False,2025,Appartement,1,
34256,Saint-Geniès-des-Mourgues,False,2021,Maison,23,
34256,Saint-Geniès-des-Mourgues,False,2022,Maison,17,
34256,Saint-Geniès-des-Mourgues,False,2023,Maison,23,
34256,Saint-Geniès-des-Mourgues,False,2024,Maison,13,
34256,Saint-Geniès-des-Mourgues,False,2025,Maison,10,
34257,Saint-Geniès-de-Varensal,False,2023,Appartement,1,
34257,Saint-Geniès-de-Varensal,False,2021,Maison,1,
34257,Saint-Geniès-de-Varensal,False,2022,Maison,2,
34257,Saint-Geniès-de-Varensal,False,2023,Maison,3,
34257,Saint-Geniès-de-Varensal,False,2024,Maison,1,
34257,Saint-Geniès-de-Varensal,False,2025,Maison,3,
34258,Saint-Geniès-de-Fontedit,False,2021,Maison,43,2000
34258,Saint-Geniès-de-Fontedit,False,2022,Maison,33,2230.77
34258,Saint-Geniès-de-Fontedit,False,2023,Maison,27,
34258,Saint-Geniès-de-Fontedit,False,2024,Maison,24,
34258,Saint-Geniès-de-Fontedit,False,2025,Maison,31,2584.78
34259,Saint-Georges-d'Orques,False,2021,Appartement,16,
34259,Saint-Georges-d'Orques,False,2022,Appartement,27,
34259,Saint-Georges-d'Orques,False,2023,Appartement,23,
34259,Saint-Georges-d'Orques,False,2024,Appartement,38,1711.48
34259,Saint-Georges-d'Orques,False,2025,Appartement,18,
34259,Saint-Georges-d'Orques,False,2021,Maison,43,3300.97
34259,Saint-Georges-d'Orques,False,2022,Maison,45,3783.78
34259,Saint-Georges-d'Orques,False,2023,Maison,29,
34259,Saint-Georges-d'Orques,False,2024,Maison,21,
34259,Saint-Georges-d'Orques,False,2025,Maison,37,3558.28
34260,Saint-Gervais-sur-Mare,False,2022,Appartement,1,
34260,Saint-Gervais-sur-Mare,False,2024,Appartement,1,
34260,Saint-Gervais-sur-Mare,False,2021,Maison,10,
34260,Saint-Gervais-sur-Mare,False,2022,Maison,15,
34260,Saint-Gervais-sur-Mare,False,2023,Maison,8,
34260,Saint-Gervais-sur-Mare,False,2024,Maison,9,
34260,Saint-Gervais-sur-Mare,False,2025,Maison,5,
34261,Saint-Guilhem-le-Désert,False,2021,Appartement,1,
34261,Saint-Guilhem-le-Désert,False,2022,Appartement,2,
34261,Saint-Guilhem-le-Désert,False,2024,Appartement,1,
34261,Saint-Guilhem-le-Désert,False,2021,Maison,5,
34261,Saint-Guilhem-le-Désert,False,2022,Maison,3,
34261,Saint-Guilhem-le-Désert,False,2023,Maison,1,
34261,Saint-Guilhem-le-Désert,False,2024,Maison,3,
34262,Saint-Guiraud,False,2021,Maison,3,
34262,Saint-Guiraud,False,2022,Maison,4,
34262,Saint-Guiraud,False,2023,Maison,4,
34262,Saint-Guiraud,False,2025,Maison,4,
34263,Saint-Hilaire-de-Beauvoir,False,2023,Appartement,1,
34263,Saint-Hilaire-de-Beauvoir,False,2025,Appartement,1,
34263,Saint-Hilaire-de-Beauvoir,False,2021,Maison,4,
34263,Saint-Hilaire-de-Beauvoir,False,2023,Maison,4,
34263,Saint-Hilaire-de-Beauvoir,False,2024,Maison,4,
34263,Saint-Hilaire-de-Beauvoir,False,2025,Maison,3,
34264,Saint-Jean-de-Buèges,False,2022,Maison,4,
34264,Saint-Jean-de-Buèges,False,2024,Maison,1,
34265,Saint-Jean-de-Cornies,False,2025,Appartement,1,
34265,Saint-Jean-de-Cornies,False,2021,Maison,9,
34265,Saint-Jean-de-Cornies,False,2022,Maison,11,
34265,Saint-Jean-de-Cornies,False,2023,Maison,6,
34265,Saint-Jean-de-Cornies,False,2024,Maison,2,
34265,Saint-Jean-de-Cornies,False,2025,Maison,5,
34266,Saint-Jean-de-Cuculles,False,2025,Appartement,1,
34266,Saint-Jean-de-Cuculles,False,2021,Maison,7,
34266,Saint-Jean-de-Cuculles,False,2022,Maison,1,
34266,Saint-Jean-de-Cuculles,False,2023,Maison,6,
34266,Saint-Jean-de-Cuculles,False,2024,Maison,4,
34266,Saint-Jean-de-Cuculles,False,2025,Maison,3,
34267,Saint-Jean-de-Fos,False,2022,Appartement,1,
34267,Saint-Jean-de-Fos,False,2023,Appartement,1,
34267,Saint-Jean-de-Fos,False,2024,Appartement,1,
34267,Saint-Jean-de-Fos,False,2021,Maison,26,
34267,Saint-Jean-de-Fos,False,2022,Maison,23,
34267,Saint-Jean-de-Fos,False,2023,Maison,16,
34267,Saint-Jean-de-Fos,False,2024,Maison,13,
34267,Saint-Jean-de-Fos,False,2025,Maison,16,
34268,Saint-Jean-de-la-Blaquière,False,2021,Appartement,1,
34268,Saint-Jean-de-la-Blaquière,False,2022,Appartement,1,
34268,Saint-Jean-de-la-Blaquière,False,2021,Maison,5,
34268,Saint-Jean-de-la-Blaquière,False,2022,Maison,11,
34268,Saint-Jean-de-la-Blaquière,False,2023,Maison,9,
34268,Saint-Jean-de-la-Blaquière,False,2024,Maison,6,
34268,Saint-Jean-de-la-Blaquière,False,2025,Maison,9,
34269,Saint-Jean-de-Minervois,False,2021,Maison,2,
34269,Saint-Jean-de-Minervois,False,2022,Maison,2,
34269,Saint-Jean-de-Minervois,False,2023,Maison,2,
34269,Saint-Jean-de-Minervois,False,2024,Maison,2,
34269,Saint-Jean-de-Minervois,False,2025,Maison,4,
34270,Saint-Jean-de-Védas,False,2021,Appartement,56,3928.73
34270,Saint-Jean-de-Védas,False,2022,Appartement,78,3976.56
34270,Saint-Jean-de-Védas,False,2023,Appartement,42,4113.92
34270,Saint-Jean-de-Védas,False,2024,Appartement,54,3916.5
34270,Saint-Jean-de-Védas,False,2025,Appartement,65,4045.45
34270,Saint-Jean-de-Védas,False,2021,Maison,89,3939.66
34270,Saint-Jean-de-Védas,False,2022,Maison,87,4396.25
34270,Saint-Jean-de-Védas,False,2023,Maison,81,4316.17
34270,Saint-Jean-de-Védas,False,2024,Maison,69,4197.08
34270,Saint-Jean-de-Védas,False,2025,Maison,77,4056
34271,Saint-Julien,False,2021,Maison,7,
34271,Saint-Julien,False,2022,Maison,1,
34271,Saint-Julien,False,2023,Maison,2,
34271,Saint-Julien,False,2024,Maison,3,
34271,Saint-Julien,False,2025,Maison,4,
34272,Saint-Just,False,2021,Appartement,4,
34272,Saint-Just,False,2022,Appartement,4,
34272,Saint-Just,False,2021,Maison,33,3318.22
34272,Saint-Just,False,2022,Maison,29,
34272,Saint-Just,False,2023,Maison,25,
34272,Saint-Just,False,2024,Maison,15,
34272,Saint-Just,False,2025,Maison,24,
34273,Saint-Martin-de-l'Arçon,False,2021,Maison,4,
34273,Saint-Martin-de-l'Arçon,False,2022,Maison,2,
34273,Saint-Martin-de-l'Arçon,False,2023,Maison,1,
34273,Saint-Martin-de-l'Arçon,False,2024,Maison,1,
34273,Saint-Martin-de-l'Arçon,False,2025,Maison,6,
34274,Saint-Martin-de-Londres,False,2021,Appartement,1,
34274,Saint-Martin-de-Londres,False,2022,Appartement,1,
34274,Saint-Martin-de-Londres,False,2023,Appartement,1,
34274,Saint-Martin-de-Londres,False,2024,Appartement,1,
34274,Saint-Martin-de-Londres,False,2021,Maison,26,
34274,Saint-Martin-de-Londres,False,2022,Maison,20,
34274,Saint-Martin-de-Londres,False,2023,Maison,14,
34274,Saint-Martin-de-Londres,False,2024,Maison,18,
34274,Saint-Martin-de-Londres,False,2025,Maison,10,
34276,Saint-Mathieu-de-Tréviers,False,2021,Appartement,6,
34276,Saint-Mathieu-de-Tréviers,False,2022,Appartement,2,
34276,Saint-Mathieu-de-Tréviers,False,2023,Appartement,3,
34276,Saint-Mathieu-de-Tréviers,False,2024,Appartement,5,
34276,Saint-Mathieu-de-Tréviers,False,2025,Appartement,5,
34276,Saint-Mathieu-de-Tréviers,False,2021,Maison,56,3557.63
34276,Saint-Mathieu-de-Tréviers,False,2022,Maison,39,3889.66
34276,Saint-Mathieu-de-Tréviers,False,2023,Maison,37,4041.1
34276,Saint-Mathieu-de-Tréviers,False,2024,Maison,21,
34276,Saint-Mathieu-de-Tréviers,False,2025,Maison,30,3947.04
34277,Saint-Maurice-Navacelles,False,2021,Maison,3,
34277,Saint-Maurice-Navacelles,False,2022,Maison,2,
34277,Saint-Maurice-Navacelles,False,2023,Maison,3,
34277,Saint-Maurice-Navacelles,False,2024,Maison,3,
34277,Saint-Maurice-Navacelles,False,2025,Maison,3,
34278,Saint-Michel,False,2021,Maison,2,
34278,Saint-Michel,False,2023,Maison,2,
34278,Saint-Michel,False,2024,Maison,1,
34279,Saint-Nazaire-de-Ladarez,False,2024,Appartement,1,
34279,Saint-Nazaire-de-Ladarez,False,2021,Maison,7,
34279,Saint-Nazaire-de-Ladarez,False,2022,Maison,7,
34279,Saint-Nazaire-de-Ladarez,False,2023,Maison,7,
34279,Saint-Nazaire-de-Ladarez,False,2024,Maison,5,
34279,Saint-Nazaire-de-Ladarez,False,2025,Maison,6,
34280,Saint-Nazaire-de-Pézan,False,2021,Maison,1,
34280,Saint-Nazaire-de-Pézan,False,2022,Maison,8,
34280,Saint-Nazaire-de-Pézan,False,2023,Maison,2,
34280,Saint-Nazaire-de-Pézan,False,2024,Maison,5,
34280,Saint-Nazaire-de-Pézan,False,2025,Maison,5,
34281,Saint-Pargoire,False,2021,Appartement,1,
34281,Saint-Pargoire,False,2022,Appartement,2,
34281,Saint-Pargoire,False,2023,Appartement,1,
34281,Saint-Pargoire,False,2024,Appartement,1,
34281,Saint-Pargoire,False,2021,Maison,46,2313.52
34281,Saint-Pargoire,False,2022,Maison,36,2453.38
34281,Saint-Pargoire,False,2023,Maison,44,2362.69
34281,Saint-Pargoire,False,2024,Maison,28,
34281,Saint-Pargoire,False,2025,Maison,25,
34282,Saint-Paul-et-Valmalle,False,2021,Appartement,2,
34282,Saint-Paul-et-Valmalle,False,2022,Appartement,3,
34282,Saint-Paul-et-Valmalle,False,2023,Appartement,2,
34282,Saint-Paul-et-Valmalle,False,2024,Appartement,3,
34282,Saint-Paul-et-Valmalle,False,2025,Appartement,1,
34282,Saint-Paul-et-Valmalle,False,2021,Maison,10,
34282,Saint-Paul-et-Valmalle,False,2022,Maison,12,
34282,Saint-Paul-et-Valmalle,False,2023,Maison,8,
34282,Saint-Paul-et-Valmalle,False,2024,Maison,11,
34282,Saint-Paul-et-Valmalle,False,2025,Maison,9,
34283,Saint-Pierre-de-la-Fage,False,2021,Maison,4,
34283,Saint-Pierre-de-la-Fage,False,2022,Maison,3,
34283,Saint-Pierre-de-la-Fage,False,2023,Maison,2,
34283,Saint-Pierre-de-la-Fage,False,2025,Maison,2,
34284,Saint-Pons-de-Thomières,False,2021,Appartement,1,
34284,Saint-Pons-de-Thomières,False,2022,Appartement,1,
34284,Saint-Pons-de-Thomières,False,2024,Appartement,1,
34284,Saint-Pons-de-Thomières,False,2025,Appartement,1,
34284,Saint-Pons-de-Thomières,False,2021,Maison,16,
34284,Saint-Pons-de-Thomières,False,2022,Maison,19,
34284,Saint-Pons-de-Thomières,False,2023,Maison,16,
34284,Saint-Pons-de-Thomières,False,2024,Maison,14,
34284,Saint-Pons-de-Thomières,False,2025,Maison,13,
34285,Saint-Pons-de-Mauchiens,False,2021,Appartement,1,
34285,Saint-Pons-de-Mauchiens,False,2024,Appartement,1,
34285,Saint-Pons-de-Mauchiens,False,2021,Maison,10,
34285,Saint-Pons-de-Mauchiens,False,2022,Maison,14,
34285,Saint-Pons-de-Mauchiens,False,2023,Maison,7,
34285,Saint-Pons-de-Mauchiens,False,2024,Maison,8,
34285,Saint-Pons-de-Mauchiens,False,2025,Maison,12,
34286,Saint-Privat,False,2022,Appartement,1,
34286,Saint-Privat,False,2023,Appartement,1,
34286,Saint-Privat,False,2021,Maison,9,
34286,Saint-Privat,False,2022,Maison,4,
34286,Saint-Privat,False,2024,Maison,5,
34286,Saint-Privat,False,2025,Maison,5,
34287,Saint-Saturnin-de-Lucian,False,2022,Appartement,1,
34287,Saint-Saturnin-de-Lucian,False,2021,Maison,6,
34287,Saint-Saturnin-de-Lucian,False,2022,Maison,5,
34287,Saint-Saturnin-de-Lucian,False,2023,Maison,4,
34287,Saint-Saturnin-de-Lucian,False,2024,Maison,1,
34287,Saint-Saturnin-de-Lucian,False,2025,Maison,5,
34288,Saint-Sériès,False,2025,Appartement,1,
34288,Saint-Sériès,False,2021,Maison,12,
34288,Saint-Sériès,False,2022,Maison,14,
34288,Saint-Sériès,False,2023,Maison,10,
34288,Saint-Sériès,False,2024,Maison,11,
34288,Saint-Sériès,False,2025,Maison,5,
34289,Saint-Thibéry,False,2021,Appartement,1,
34289,Saint-Thibéry,False,2022,Appartement,1,
34289,Saint-Thibéry,False,2024,Appartement,1,
34289,Saint-Thibéry,False,2025,Appartement,2,
34289,Saint-Thibéry,False,2021,Maison,55,2236.84
34289,Saint-Thibéry,False,2022,Maison,58,2097.27
34289,Saint-Thibéry,False,2023,Maison,44,2550.62
34289,Saint-Thibéry,False,2024,Maison,52,2406.48
34289,Saint-Thibéry,False,2025,Maison,37,2467.89
34290,Saint-Vincent-de-Barbeyrargues,False,2021,Appartement,1,
34290,Saint-Vincent-de-Barbeyrargues,False,2022,Appartement,2,
34290,Saint-Vincent-de-Barbeyrargues,False,2021,Maison,7,
34290,Saint-Vincent-de-Barbeyrargues,False,2022,Maison,6,
34290,Saint-Vincent-de-Barbeyrargues,False,2023,Maison,3,
34290,Saint-Vincent-de-Barbeyrargues,False,2024,Maison,3,
34290,Saint-Vincent-de-Barbeyrargues,False,2025,Maison,5,
34291,Saint-Vincent-d'Olargues,False,2021,Maison,6,
34291,Saint-Vincent-d'Olargues,False,2022,Maison,4,
34291,Saint-Vincent-d'Olargues,False,2023,Maison,11,
34291,Saint-Vincent-d'Olargues,False,2024,Maison,5,
34291,Saint-Vincent-d'Olargues,False,2025,Maison,5,
34292,Salasc,False,2021,Maison,6,
34292,Salasc,False,2022,Maison,7,
34292,Salasc,False,2023,Maison,8,
34292,Salasc,False,2024,Maison,4,
34292,Salasc,False,2025,Maison,6,
34293,La Salvetat-sur-Agout,False,2024,Appartement,1,
34293,La Salvetat-sur-Agout,False,2025,Appartement,1,
34293,La Salvetat-sur-Agout,False,2021,Maison,54,1219.38
34293,La Salvetat-sur-Agout,False,2022,Maison,46,1488.24
34293,La Salvetat-sur-Agout,False,2023,Maison,33,1804.17
34293,La Salvetat-sur-Agout,False,2024,Maison,30,1580.58
34293,La Salvetat-sur-Agout,False,2025,Maison,26,
34294,Saturargues,False,2021,Appartement,2,
34294,Saturargues,False,2022,Appartement,1,
34294,Saturargues,False,2024,Appartement,2,
34294,Saturargues,False,2021,Maison,13,
34294,Saturargues,False,2022,Maison,10,
34294,Saturargues,False,2023,Maison,7,
34294,Saturargues,False,2024,Maison,4,
34294,Saturargues,False,2025,Maison,11,
34295,Saussan,False,2021,Appartement,1,
34295,Saussan,False,2023,Appartement,4,
34295,Saussan,False,2024,Appartement,2,
34295,Saussan,False,2021,Maison,19,
34295,Saussan,False,2022,Maison,17,
34295,Saussan,False,2023,Maison,37,3111.11
34295,Saussan,False,2024,Maison,17,
34295,Saussan,False,2025,Maison,17,
34296,Saussines,False,2021,Maison,11,
34296,Saussines,False,2022,Maison,12,
34296,Saussines,False,2023,Maison,8,
34296,Saussines,False,2024,Maison,8,
34296,Saussines,False,2025,Maison,5,
34297,Sauteyrargues,False,2021,Appartement,1,
34297,Sauteyrargues,False,2023,Appartement,1,
34297,Sauteyrargues,False,2021,Maison,5,
34297,Sauteyrargues,False,2023,Maison,2,
34297,Sauteyrargues,False,2024,Maison,3,
34297,Sauteyrargues,False,2025,Maison,2,
34298,Sauvian,False,2021,Appartement,4,
34298,Sauvian,False,2022,Appartement,5,
34298,Sauvian,False,2023,Appartement,1,
34298,Sauvian,False,2024,Appartement,3,
34298,Sauvian,False,2025,Appartement,7,
34298,Sauvian,False,2021,Maison,90,2556.79
34298,Sauvian,False,2022,Maison,65,2737.8
34298,Sauvian,False,2023,Maison,58,2875
34298,Sauvian,False,2024,Maison,53,3055.56
34298,Sauvian,False,2025,Maison,61,3013.7
34299,Sérignan,False,2021,Appartement,31,2957.75
34299,Sérignan,False,2022,Appartement,35,2689.19
34299,Sérignan,False,2023,Appartement,38,3285.42
34299,Sérignan,False,2024,Appartement,24,
34299,Sérignan,False,2025,Appartement,25,
34299,Sérignan,False,2021,Maison,132,2639.93
34299,Sérignan,False,2022,Maison,133,2840.91
34299,Sérignan,False,2023,Maison,103,3222.22
34299,Sérignan,False,2024,Maison,86,2910.26
34299,Sérignan,False,2025,Maison,100,2965.51
34300,Servian,False,2021,Appartement,6,
34300,Servian,False,2022,Appartement,3,
34300,Servian,False,2023,Appartement,1,
34300,Servian,False,2024,Appartement,3,
34300,Servian,False,2025,Appartement,2,
34300,Servian,False,2021,Maison,107,2102.27
34300,Servian,False,2022,Maison,101,2480
34300,Servian,False,2023,Maison,86,2563.97
34300,Servian,False,2024,Maison,57,2400
34300,Servian,False,2025,Maison,74,2615.81
34301,Sète,True,2021,Appartement,1160,2897.62
34301,Sète,True,2022,Appartement,1139,3208.33
34301,Sète,True,2023,Appartement,939,3374.12
34301,Sète,True,2024,Appartement,816,3412.45
34301,Sète,True,2025,Appartement,883,3497.46
34301,Sète,True,2021,Maison,190,4023.5
34301,Sète,True,2022,Maison,151,4194.92
34301,Sète,True,2023,Maison,131,4950.62
34301,Sète,True,2024,Maison,103,4363.01
34301,Sète,True,2025,Maison,134,4328.96
34302,Siran,False,2021,Maison,17,
34302,Siran,False,2022,Maison,17,
34302,Siran,False,2023,Maison,13,
34302,Siran,False,2024,Maison,19,
34302,Siran,False,2025,Maison,14,
34303,Sorbs,False,2022,Maison,1,
34303,Sorbs,False,2024,Maison,3,
34303,Sorbs,False,2025,Maison,3,
34304,Soubès,False,2022,Appartement,1,
34304,Soubès,False,2024,Appartement,1,
34304,Soubès,False,2021,Maison,12,
34304,Soubès,False,2022,Maison,11,
34304,Soubès,False,2023,Maison,11,
34304,Soubès,False,2024,Maison,5,
34304,Soubès,False,2025,Maison,12,
34305,Le Soulié,False,2021,Maison,8,
34305,Le Soulié,False,2022,Maison,5,
34305,Le Soulié,False,2023,Maison,6,
34305,Le Soulié,False,2025,Maison,1,
34306,Soumont,False,2021,Maison,2,
34306,Soumont,False,2023,Maison,3,
34306,Soumont,False,2025,Maison,2,
34307,Sussargues,False,2021,Appartement,5,
34307,Sussargues,False,2022,Appartement,4,
34307,Sussargues,False,2023,Appartement,2,
34307,Sussargues,False,2024,Appartement,4,
34307,Sussargues,False,2025,Appartement,7,
34307,Sussargues,False,2021,Maison,26,
34307,Sussargues,False,2022,Maison,26,
34307,Sussargues,False,2023,Maison,21,
34307,Sussargues,False,2024,Maison,14,
34307,Sussargues,False,2025,Maison,13,
34308,Taussac-la-Billière,False,2023,Appartement,1,
34308,Taussac-la-Billière,False,2024,Appartement,1,
34308,Taussac-la-Billière,False,2021,Maison,8,
34308,Taussac-la-Billière,False,2022,Maison,10,
34308,Taussac-la-Billière,False,2023,Maison,11,
34308,Taussac-la-Billière,False,2024,Maison,5,
34308,Taussac-la-Billière,False,2025,Maison,8,
34309,Teyran,False,2021,Appartement,7,
34309,Teyran,False,2022,Appartement,5,
34309,Teyran,False,2023,Appartement,4,
34309,Teyran,False,2024,Appartement,4,
34309,Teyran,False,2025,Appartement,3,
34309,Teyran,False,2021,Maison,49,3909.45
34309,Teyran,False,2022,Maison,30,4230.8
34309,Teyran,False,2023,Maison,38,4286.02
34309,Teyran,False,2024,Maison,32,4170.64
34309,Teyran,False,2025,Maison,29,
34310,Thézan-lès-Béziers,False,2022,Appartement,2,
34310,Thézan-lès-Béziers,False,2023,Appartement,3,
34310,Thézan-lès-Béziers,False,2024,Appartement,2,
34310,Thézan-lès-Béziers,False,2025,Appartement,1,
34310,Thézan-lès-Béziers,False,2021,Maison,58,2268.14
34310,Thézan-lès-Béziers,False,2022,Maison,38,2133.48
34310,Thézan-lès-Béziers,False,2023,Maison,41,2444.44
34310,Thézan-lès-Béziers,False,2024,Maison,33,2012
34310,Thézan-lès-Béziers,False,2025,Maison,29,
34311,Tourbes,False,2021,Appartement,2,
34311,Tourbes,False,2022,Appartement,3,
34311,Tourbes,False,2023,Appartement,1,
34311,Tourbes,False,2024,Appartement,1,
34311,Tourbes,False,2025,Appartement,1,
34311,Tourbes,False,2021,Maison,38,2659.78
34311,Tourbes,False,2022,Maison,34,2663.62
34311,Tourbes,False,2023,Maison,20,
34311,Tourbes,False,2024,Maison,29,
34311,Tourbes,False,2025,Maison,22,
34312,La Tour-sur-Orb,False,2021,Maison,18,
34312,La Tour-sur-Orb,False,2022,Maison,29,
34312,La Tour-sur-Orb,False,2023,Maison,19,
34312,La Tour-sur-Orb,False,2024,Maison,10,
34312,La Tour-sur-Orb,False,2025,Maison,19,
34313,Tressan,False,2024,Appartement,1,
34313,Tressan,False,2021,Maison,9,
34313,Tressan,False,2022,Maison,13,
34313,Tressan,False,2023,Maison,2,
34313,Tressan,False,2024,Maison,5,
34313,Tressan,False,2025,Maison,9,
34314,Le Triadou,False,2021,Appartement,1,
34314,Le Triadou,False,2023,Appartement,1,
34314,Le Triadou,False,2025,Appartement,1,
34314,Le Triadou,False,2021,Maison,10,
34314,Le Triadou,False,2022,Maison,2,
34314,Le Triadou,False,2023,Maison,3,
34314,Le Triadou,False,2024,Maison,5,
34314,Le Triadou,False,2025,Maison,3,
34315,Usclas-d'Hérault,False,2021,Maison,3,
34315,Usclas-d'Hérault,False,2022,Maison,5,
34315,Usclas-d'Hérault,False,2023,Maison,2,
34315,Usclas-d'Hérault,False,2024,Maison,6,
34315,Usclas-d'Hérault,False,2025,Maison,8,
34316,Usclas-du-Bosc,False,2021,Maison,3,
34316,Usclas-du-Bosc,False,2022,Maison,4,
34316,Usclas-du-Bosc,False,2023,Maison,1,
34316,Usclas-du-Bosc,False,2024,Maison,1,
34316,Usclas-du-Bosc,False,2025,Maison,4,
34317,La Vacquerie-et-Saint-Martin-de-Castries,False,2022,Appartement,1,
34317,La Vacquerie-et-Saint-Martin-de-Castries,False,2021,Maison,4,
34317,La Vacquerie-et-Saint-Martin-de-Castries,False,2022,Maison,8,
34317,La Vacquerie-et-Saint-Martin-de-Castries,False,2023,Maison,2,
34317,La Vacquerie-et-Saint-Martin-de-Castries,False,2024,Maison,6,
34317,La Vacquerie-et-Saint-Martin-de-Castries,False,2025,Maison,3,
34318,Vacquières,False,2025,Appartement,1,
34318,Vacquières,False,2021,Maison,11,
34318,Vacquières,False,2022,Maison,5,
34318,Vacquières,False,2023,Maison,3,
34318,Vacquières,False,2024,Maison,6,
34318,Vacquières,False,2025,Maison,15,
34319,Vailhan,False,2022,Maison,5,
34319,Vailhan,False,2023,Maison,2,
34319,Vailhan,False,2024,Maison,2,
34319,Vailhan,False,2025,Maison,3,
34320,Vailhauquès,False,2021,Appartement,1,
34320,Vailhauquès,False,2022,Appartement,1,
34320,Vailhauquès,False,2025,Appartement,1,
34320,Vailhauquès,False,2021,Maison,34,3335.53
34320,Vailhauquès,False,2022,Maison,21,
34320,Vailhauquès,False,2023,Maison,12,
34320,Vailhauquès,False,2024,Maison,13,
34320,Vailhauquès,False,2025,Maison,14,
34321,Valergues,False,2021,Appartement,4,
34321,Valergues,False,2022,Appartement,6,
34321,Valergues,False,2023,Appartement,1,
34321,Valergues,False,2024,Appartement,3,
34321,Valergues,False,2021,Maison,33,3430.69
34321,Valergues,False,2022,Maison,17,
34321,Valergues,False,2023,Maison,22,
34321,Valergues,False,2024,Maison,11,
34321,Valergues,False,2025,Maison,16,
34322,Valflaunès,False,2021,Maison,6,
34322,Valflaunès,False,2022,Maison,8,
34322,Valflaunès,False,2023,Maison,1,
34322,Valflaunès,False,2024,Maison,8,
34322,Valflaunès,False,2025,Maison,7,
34323,Valmascle,False,2021,Maison,1,
34323,Valmascle,False,2024,Maison,1,
34324,Valras-Plage,False,2021,Appartement,255,3279.41
34324,Valras-Plage,False,2022,Appartement,247,3450.89
34324,Valras-Plage,False,2023,Appartement,213,3750
34324,Valras-Plage,False,2024,Appartement,137,3736.2
34324,Valras-Plage,False,2025,Appartement,187,3716
34324,Valras-Plage,False,2021,Maison,158,3209.2
34324,Valras-Plage,False,2022,Maison,124,3508.43
34324,Valras-Plage,False,2023,Maison,100,3535.54
34324,Valras-Plage,False,2024,Maison,93,3666.67
34324,Valras-Plage,False,2025,Maison,94,3711.31
34325,Valros,False,2023,Appartement,2,
34325,Valros,False,2024,Appartement,1,
34325,Valros,False,2025,Appartement,1,
34325,Valros,False,2021,Maison,41,2405.56
34325,Valros,False,2022,Maison,26,
34325,Valros,False,2023,Maison,19,
34325,Valros,False,2024,Maison,20,
34325,Valros,False,2025,Maison,19,
34326,Vélieux,False,2023,Maison,1,
34326,Vélieux,False,2024,Maison,2,
34326,Vélieux,False,2025,Maison,2,
34327,Vendargues,False,2021,Appartement,22,
34327,Vendargues,False,2022,Appartement,18,
34327,Vendargues,False,2023,Appartement,21,
34327,Vendargues,False,2024,Appartement,15,
34327,Vendargues,False,2025,Appartement,15,
34327,Vendargues,False,2021,Maison,69,3740
34327,Vendargues,False,2022,Maison,58,4024.64
34327,Vendargues,False,2023,Maison,43,4178.9
34327,Vendargues,False,2024,Maison,31,4060
34327,Vendargues,False,2025,Maison,60,3898.6
34328,Vendémian,False,2021,Appartement,1,
34328,Vendémian,False,2023,Appartement,1,
34328,Vendémian,False,2025,Appartement,1,
34328,Vendémian,False,2021,Maison,11,
34328,Vendémian,False,2022,Maison,14,
34328,Vendémian,False,2023,Maison,6,
34328,Vendémian,False,2024,Maison,8,
34328,Vendémian,False,2025,Maison,10,
34329,Vendres,False,2021,Appartement,7,
34329,Vendres,False,2022,Appartement,10,
34329,Vendres,False,2023,Appartement,9,
34329,Vendres,False,2024,Appartement,5,
34329,Vendres,False,2025,Appartement,7,
34329,Vendres,False,2021,Maison,76,3039.03
34329,Vendres,False,2022,Maison,77,3284.86
34329,Vendres,False,2023,Maison,57,3438.65
34329,Vendres,False,2024,Maison,43,2824.07
34329,Vendres,False,2025,Maison,53,3388.89
34331,Verreries-de-Moussans,False,2021,Maison,7,
34331,Verreries-de-Moussans,False,2022,Maison,4,
34331,Verreries-de-Moussans,False,2023,Maison,3,
34331,Verreries-de-Moussans,False,2024,Maison,2,
34332,Vias,False,2021,Appartement,33,3511.68
34332,Vias,False,2022,Appartement,36,3470.38
34332,Vias,False,2023,Appartement,29,
34332,Vias,False,2024,Appartement,46,2702.94
34332,Vias,False,2025,Appartement,19,
34332,Vias,False,2021,Maison,177,2786
34332,Vias,False,2022,Maison,165,2833.33
34332,Vias,False,2023,Maison,113,3255.81
34332,Vias,False,2024,Maison,100,2896.44
34332,Vias,False,2025,Maison,104,2929.55
34333,Vic-la-Gardiole,False,2021,Appartement,1,
34333,Vic-la-Gardiole,False,2022,Appartement,1,
34333,Vic-la-Gardiole,False,2023,Appartement,1,
34333,Vic-la-Gardiole,False,2024,Appartement,1,
34333,Vic-la-Gardiole,False,2025,Appartement,1,
34333,Vic-la-Gardiole,False,2021,Maison,79,4914.29
34333,Vic-la-Gardiole,False,2022,Maison,78,5166.3
34333,Vic-la-Gardiole,False,2023,Maison,64,5433.16
34333,Vic-la-Gardiole,False,2024,Maison,63,5128.38
34333,Vic-la-Gardiole,False,2025,Maison,59,4923.23
34334,Vieussan,False,2025,Appartement,1,
34334,Vieussan,False,2021,Maison,3,
34334,Vieussan,False,2022,Maison,6,
34334,Vieussan,False,2023,Maison,5,
34334,Vieussan,False,2024,Maison,5,
34334,Vieussan,False,2025,Maison,7,
34335,Villemagne-l'Argentière,False,2021,Maison,10,
34335,Villemagne-l'Argentière,False,2022,Maison,11,
34335,Villemagne-l'Argentière,False,2023,Maison,7,
34335,Villemagne-l'Argentière,False,2024,Maison,9,
34335,Villemagne-l'Argentière,False,2025,Maison,2,
34336,Villeneuve-lès-Béziers,False,2021,Appartement,25,
34336,Villeneuve-lès-Béziers,False,2022,Appartement,24,
34336,Villeneuve-lès-Béziers,False,2023,Appartement,17,
34336,Villeneuve-lès-Béziers,False,2024,Appartement,15,
34336,Villeneuve-lès-Béziers,False,2025,Appartement,17,
34336,Villeneuve-lès-Béziers,False,2021,Maison,70,2207.26
34336,Villeneuve-lès-Béziers,False,2022,Maison,67,1862
34336,Villeneuve-lès-Béziers,False,2023,Maison,59,2172.73
34336,Villeneuve-lès-Béziers,False,2024,Maison,48,2034.69
34336,Villeneuve-lès-Béziers,False,2025,Maison,53,2129.03
34337,Villeneuve-lès-Maguelone,False,2021,Appartement,30,3168.56
34337,Villeneuve-lès-Maguelone,False,2022,Appartement,32,3077.78
34337,Villeneuve-lès-Maguelone,False,2023,Appartement,19,
34337,Villeneuve-lès-Maguelone,False,2024,Appartement,14,
34337,Villeneuve-lès-Maguelone,False,2025,Appartement,29,
34337,Villeneuve-lès-Maguelone,False,2021,Maison,104,3966.03
34337,Villeneuve-lès-Maguelone,False,2022,Maison,85,4097.88
34337,Villeneuve-lès-Maguelone,False,2023,Maison,74,4123.29
34337,Villeneuve-lès-Maguelone,False,2024,Maison,56,4031.96
34337,Villeneuve-lès-Maguelone,False,2025,Maison,48,3955.39
34338,Villeneuvette,False,2023,Appartement,1,
34339,Villespassans,False,2021,Maison,4,
34339,Villespassans,False,2022,Maison,3,
34339,Villespassans,False,2023,Maison,2,
34339,Villespassans,False,2024,Maison,3,
34339,Villespassans,False,2025,Maison,3,
34340,Villetelle,False,2023,Appartement,1,
34340,Villetelle,False,2021,Maison,17,
34340,Villetelle,False,2022,Maison,12,
34340,Villetelle,False,2023,Maison,14,
34340,Villetelle,False,2024,Maison,11,
34340,Villetelle,False,2025,Maison,10,
34341,Villeveyrac,False,2021,Appartement,2,
34341,Villeveyrac,False,2022,Appartement,1,
34341,Villeveyrac,False,2023,Appartement,3,
34341,Villeveyrac,False,2025,Appartement,2,
34341,Villeveyrac,False,2021,Maison,52,2423.1
34341,Villeveyrac,False,2022,Maison,46,2653.27
34341,Villeveyrac,False,2023,Maison,29,
34341,Villeveyrac,False,2024,Maison,32,2636.48
34341,Villeveyrac,False,2025,Maison,38,2486.77
34342,Viols-en-Laval,False,2021,Appartement,4,
34342,Viols-en-Laval,False,2022,Appartement,1,
34342,Viols-en-Laval,False,2021,Maison,2,
34342,Viols-en-Laval,False,2022,Maison,2,
34342,Viols-en-Laval,False,2023,Maison,3,
34342,Viols-en-Laval,False,2024,Maison,2,
34342,Viols-en-Laval,False,2025,Maison,3,
34343,Viols-le-Fort,False,2021,Appartement,2,
34343,Viols-le-Fort,False,2022,Appartement,2,
34343,Viols-le-Fort,False,2023,Appartement,1,
34343,Viols-le-Fort,False,2021,Maison,13,
34343,Viols-le-Fort,False,2022,Maison,9,
34343,Viols-le-Fort,False,2023,Maison,9,
34343,Viols-le-Fort,False,2024,Maison,3,
34343,Viols-le-Fort,False,2025,Maison,3,
34344,La Grande-Motte,False,2021,Appartement,891,4565.22
34344,La Grande-Motte,False,2022,Appartement,807,5055.56
34344,La Grande-Motte,False,2023,Appartement,688,5353.41
34344,La Grande-Motte,False,2024,Appartement,610,5347.88
34344,La Grande-Motte,False,2025,Appartement,671,5232
34344,La Grande-Motte,False,2021,Maison,85,5725.83
34344,La Grande-Motte,False,2022,Maison,59,6000
34344,La Grande-Motte,False,2023,Maison,50,6374.17
34344,La Grande-Motte,False,2024,Maison,42,6050.85
34344,La Grande-Motte,False,2025,Maison,57,5905.26
